experiment_id,date,status,research_question,dataset_version_csv_sha256,recording_map_sha256,audio_zip_sha256,n_participants,n_patients,n_controls,n_recordings,n_segments,cohort,recording_types,split_strategy,split_file_sha256,input_representation,sampling_rate,preprocessing,model,pretrained_weights,frozen_layers,classification_head,loss,imbalance_strategy,augmentation,hyperparameters,seeds,n_folds_total,metric_level,primary_metric,mean,sd,ci_low,ci_high,fold_p2_5,fold_p97_5,balanced_accuracy_mean,balanced_accuracy_sd,training_time,hardware,git_commit,script,result_location,interpretation,known_limitations
EXP-001,2026-10-08,done,RQ7,cab18a356920df713a22d0084e4e366f7ce0a2f290f640d0f9b565d523a3af9b,,,341,284,57,0.0,0,paper_cohort_344,none,"RepeatedStratifiedKFold(5x20, rs=0), participant-level",,clinical:age,,,LogisticRegression(class_weight=balanced),none,,,log-loss,class_weight,none,C=1.0 (default),0,100,participant,roc_auc,0.681,0.0771,,,0.5111,0.827,0.6244,0.0704,<1 min,CPU,pending-first-commit,scripts/audit_clinical.py,reports/clinical_audit/EXP-001_confounder_baselines.json,non-audio lower bound,complete-case; linear model
EXP-001,2026-10-08,done,RQ7,cab18a356920df713a22d0084e4e366f7ce0a2f290f640d0f9b565d523a3af9b,,,343,284,59,0.0,0,paper_cohort_344,none,"RepeatedStratifiedKFold(5x20, rs=0), participant-level",,clinical:sex,,,LogisticRegression(class_weight=balanced),none,,,log-loss,class_weight,none,C=1.0 (default),0,100,participant,roc_auc,0.5157,0.0723,,,0.3548,0.6184,0.5157,0.0723,<1 min,CPU,pending-first-commit,scripts/audit_clinical.py,reports/clinical_audit/EXP-001_confounder_baselines.json,non-audio lower bound,complete-case; linear model
EXP-001,2026-10-08,done,RQ7,cab18a356920df713a22d0084e4e366f7ce0a2f290f640d0f9b565d523a3af9b,,,343,284,59,0.0,0,paper_cohort_344,none,"RepeatedStratifiedKFold(5x20, rs=0), participant-level",,clinical:smoking,,,LogisticRegression(class_weight=balanced),none,,,log-loss,class_weight,none,C=1.0 (default),0,100,participant,roc_auc,0.5934,0.066,,,0.452,0.6945,0.5802,0.0613,<1 min,CPU,pending-first-commit,scripts/audit_clinical.py,reports/clinical_audit/EXP-001_confounder_baselines.json,non-audio lower bound,complete-case; linear model
EXP-001,2026-10-08,done,RQ7,cab18a356920df713a22d0084e4e366f7ce0a2f290f640d0f9b565d523a3af9b,,,341,284,57,0.0,0,paper_cohort_344,none,"RepeatedStratifiedKFold(5x20, rs=0), participant-level",,clinical:age+sex+smoking,,,LogisticRegression(class_weight=balanced),none,,,log-loss,class_weight,none,C=1.0 (default),0,100,participant,roc_auc,0.6773,0.0831,,,0.5062,0.8249,0.6336,0.0752,<1 min,CPU,pending-first-commit,scripts/audit_clinical.py,reports/clinical_audit/EXP-001_confounder_baselines.json,non-audio lower bound,complete-case; linear model
EXP-001,2026-10-08,done,RQ7,cab18a356920df713a22d0084e4e366f7ce0a2f290f640d0f9b565d523a3af9b,,,341,284,57,0.0,0,paper_cohort_344,none,"RepeatedStratifiedKFold(5x20, rs=0), participant-level",,clinical:collection_date,,,LogisticRegression(class_weight=balanced),none,,,log-loss,class_weight,none,C=1.0 (default),0,100,participant,roc_auc,0.7973,0.0479,,,0.7074,0.8829,0.7341,0.069,<1 min,CPU,pending-first-commit,scripts/audit_clinical.py,reports/clinical_audit/EXP-001_confounder_baselines.json,non-audio lower bound,complete-case; linear model
EXP-001,2026-10-08,done,RQ7,cab18a356920df713a22d0084e4e366f7ce0a2f290f640d0f9b565d523a3af9b,,,344,284,60,0.0,0,paper_cohort_344,none,"RepeatedStratifiedKFold(5x20, rs=0), participant-level",,clinical:participant_id_number,,,LogisticRegression(class_weight=balanced),none,,,log-loss,class_weight,none,C=1.0 (default),0,100,participant,roc_auc,0.7997,0.0535,,,0.6974,0.9021,0.6941,0.08,<1 min,CPU,pending-first-commit,scripts/audit_clinical.py,reports/clinical_audit/EXP-001_confounder_baselines.json,non-audio lower bound,complete-case; linear model
EXP-001,2026-10-08,done,RQ7,cab18a356920df713a22d0084e4e366f7ce0a2f290f640d0f9b565d523a3af9b,,,156,99,57,0.0,0,time_overlap,none,"RepeatedStratifiedKFold(5x20, rs=0), participant-level",,clinical:age,,,LogisticRegression(class_weight=balanced),none,,,log-loss,class_weight,none,C=1.0 (default),0,100,participant,roc_auc,0.6743,0.0806,,,0.5249,0.8038,0.6154,0.0804,<1 min,CPU,pending-first-commit,scripts/audit_clinical.py,reports/clinical_audit/EXP-001_confounder_baselines.json,non-audio lower bound,complete-case; linear model
EXP-001,2026-10-08,done,RQ7,cab18a356920df713a22d0084e4e366f7ce0a2f290f640d0f9b565d523a3af9b,,,156,99,57,0.0,0,time_overlap,none,"RepeatedStratifiedKFold(5x20, rs=0), participant-level",,clinical:sex,,,LogisticRegression(class_weight=balanced),none,,,log-loss,class_weight,none,C=1.0 (default),0,100,participant,roc_auc,0.4891,0.0695,,,0.3389,0.5872,0.4891,0.0695,<1 min,CPU,pending-first-commit,scripts/audit_clinical.py,reports/clinical_audit/EXP-001_confounder_baselines.json,non-audio lower bound,complete-case; linear model
EXP-001,2026-10-08,done,RQ7,cab18a356920df713a22d0084e4e366f7ce0a2f290f640d0f9b565d523a3af9b,,,156,99,57,0.0,0,time_overlap,none,"RepeatedStratifiedKFold(5x20, rs=0), participant-level",,clinical:smoking,,,LogisticRegression(class_weight=balanced),none,,,log-loss,class_weight,none,C=1.0 (default),0,100,participant,roc_auc,0.6533,0.0892,,,0.4627,0.7928,0.6051,0.0836,<1 min,CPU,pending-first-commit,scripts/audit_clinical.py,reports/clinical_audit/EXP-001_confounder_baselines.json,non-audio lower bound,complete-case; linear model
EXP-001,2026-10-08,done,RQ7,cab18a356920df713a22d0084e4e366f7ce0a2f290f640d0f9b565d523a3af9b,,,156,99,57,0.0,0,time_overlap,none,"RepeatedStratifiedKFold(5x20, rs=0), participant-level",,clinical:age+sex+smoking,,,LogisticRegression(class_weight=balanced),none,,,log-loss,class_weight,none,C=1.0 (default),0,100,participant,roc_auc,0.6865,0.0897,,,0.512,0.8413,0.6521,0.0807,<1 min,CPU,pending-first-commit,scripts/audit_clinical.py,reports/clinical_audit/EXP-001_confounder_baselines.json,non-audio lower bound,complete-case; linear model
EXP-001,2026-10-08,done,RQ7,cab18a356920df713a22d0084e4e366f7ce0a2f290f640d0f9b565d523a3af9b,,,156,99,57,0.0,0,time_overlap,none,"RepeatedStratifiedKFold(5x20, rs=0), participant-level",,clinical:collection_date,,,LogisticRegression(class_weight=balanced),none,,,log-loss,class_weight,none,C=1.0 (default),0,100,participant,roc_auc,0.5668,0.1158,,,0.3436,0.7868,0.5524,0.0795,<1 min,CPU,pending-first-commit,scripts/audit_clinical.py,reports/clinical_audit/EXP-001_confounder_baselines.json,non-audio lower bound,complete-case; linear model
EXP-001,2026-10-08,done,RQ7,cab18a356920df713a22d0084e4e366f7ce0a2f290f640d0f9b565d523a3af9b,,,156,99,57,0.0,0,time_overlap,none,"RepeatedStratifiedKFold(5x20, rs=0), participant-level",,clinical:participant_id_number,,,LogisticRegression(class_weight=balanced),none,,,log-loss,class_weight,none,C=1.0 (default),0,100,participant,roc_auc,0.5784,0.1155,,,0.3536,0.8066,0.5704,0.0753,<1 min,CPU,pending-first-commit,scripts/audit_clinical.py,reports/clinical_audit/EXP-001_confounder_baselines.json,non-audio lower bound,complete-case; linear model
EXP-002,2026-10-08,done,RQ7,cab18a356920df713a22d0084e4e366f7ce0a2f290f640d0f9b565d523a3af9b,,,284,284,0,0.0,0,paper_cohort_patients_only,none,"RepeatedStratifiedKFold(5x20, rs=0), participant-level; target=late period",,clinical:all_clinical,,,LogisticRegression(class_weight=balanced),none,,,log-loss,class_weight,none,C=1.0 (default),0,100,participant,roc_auc(period),0.8554,0.048,,,0.7596,0.9326,,,<1 min,CPU,pending-first-commit,scripts/audit_clinical.py,reports/clinical_audit/EXP-002_clinical_period_probe.json,reference for audio period probe (N1),patients only; categorical coding may have drifted
EXP-002,2026-10-08,done,RQ7,cab18a356920df713a22d0084e4e366f7ce0a2f290f640d0f9b565d523a3af9b,,,284,284,0,0.0,0,paper_cohort_patients_only,none,"RepeatedStratifiedKFold(5x20, rs=0), participant-level; target=late period",,clinical:asthma_step_only,,,LogisticRegression(class_weight=balanced),none,,,log-loss,class_weight,none,C=1.0 (default),0,100,participant,roc_auc(period),0.744,0.0484,,,0.6489,0.825,,,<1 min,CPU,pending-first-commit,scripts/audit_clinical.py,reports/clinical_audit/EXP-002_clinical_period_probe.json,reference for audio period probe (N1),patients only; categorical coding may have drifted
EXP-002,2026-10-08,done,RQ7,cab18a356920df713a22d0084e4e366f7ce0a2f290f640d0f9b565d523a3af9b,,,284,284,0,0.0,0,paper_cohort_patients_only,none,"RepeatedStratifiedKFold(5x20, rs=0), participant-level; target=late period",,clinical:sft_dx_only,,,LogisticRegression(class_weight=balanced),none,,,log-loss,class_weight,none,C=1.0 (default),0,100,participant,roc_auc(period),0.6203,0.0611,,,0.5029,0.7297,,,<1 min,CPU,pending-first-commit,scripts/audit_clinical.py,reports/clinical_audit/EXP-002_clinical_period_probe.json,reference for audio period probe (N1),patients only; categorical coding may have drifted
EXP-002,2026-10-08,done,RQ7,cab18a356920df713a22d0084e4e366f7ce0a2f290f640d0f9b565d523a3af9b,,,284,284,0,0.0,0,paper_cohort_patients_only,none,"RepeatedStratifiedKFold(5x20, rs=0), participant-level; target=late period",,clinical:smoking_only,,,LogisticRegression(class_weight=balanced),none,,,log-loss,class_weight,none,C=1.0 (default),0,100,participant,roc_auc(period),0.5909,0.063,,,0.459,0.6973,,,<1 min,CPU,pending-first-commit,scripts/audit_clinical.py,reports/clinical_audit/EXP-002_clinical_period_probe.json,reference for audio period probe (N1),patients only; categorical coding may have drifted
EXP-002,2026-10-08,done,RQ7,cab18a356920df713a22d0084e4e366f7ce0a2f290f640d0f9b565d523a3af9b,,,284,284,0,0.0,0,paper_cohort_patients_only,none,"RepeatedStratifiedKFold(5x20, rs=0), participant-level; target=late period",,clinical:measured_spirometry_only,,,LogisticRegression(class_weight=balanced),none,,,log-loss,class_weight,none,C=1.0 (default),0,100,participant,roc_auc(period),0.5359,0.0662,,,0.404,0.6534,,,<1 min,CPU,pending-first-commit,scripts/audit_clinical.py,reports/clinical_audit/EXP-002_clinical_period_probe.json,reference for audio period probe (N1),patients only; categorical coding may have drifted
EXP-002,2026-10-08,done,RQ7,cab18a356920df713a22d0084e4e366f7ce0a2f290f640d0f9b565d523a3af9b,,,284,284,0,0.0,0,paper_cohort_patients_only,none,"RepeatedStratifiedKFold(5x20, rs=0), participant-level; target=late period",,clinical:all_clinical_without_step,,,LogisticRegression(class_weight=balanced),none,,,log-loss,class_weight,none,C=1.0 (default),0,100,participant,roc_auc(period),0.6994,0.068,,,0.5827,0.8334,,,<1 min,CPU,pending-first-commit,scripts/audit_clinical.py,reports/clinical_audit/EXP-002_clinical_period_probe.json,reference for audio period probe (N1),patients only; categorical coding may have drifted
EXP-003,2026-10-08,done,RQ7,cab18a356920df713a22d0084e4e366f7ce0a2f290f640d0f9b565d523a3af9b,,,340,282,58,0.0,0,audio_cohort,none (metadata: file timestamps),"RepeatedStratifiedKFold(5x20, rs=0), participant-level",,context:hour,,,LogisticRegression(class_weight=balanced),none,,,log-loss,class_weight,none,C=1.0 (default); hour enters as hour+hour^2,0,100,participant,roc_auc,0.8409,0.0605,,,0.7017,0.9423,,,<1 min,CPU,see PR,scripts/analyze_recording_context.py,reports/recording_context/EXP-003_context_baselines.json,recording-context lower bound for audio models,start hour from Apple-chain timestamps (340/342 participants)
EXP-003,2026-10-08,done,RQ7,cab18a356920df713a22d0084e4e366f7ce0a2f290f640d0f9b565d523a3af9b,,,341,283,58,0.0,0,audio_cohort,none (metadata: file timestamps),"RepeatedStratifiedKFold(5x20, rs=0), participant-level",,context:date,,,LogisticRegression(class_weight=balanced),none,,,log-loss,class_weight,none,C=1.0 (default); hour enters as hour+hour^2,0,100,participant,roc_auc,0.8063,0.0548,,,0.6963,0.9073,,,<1 min,CPU,see PR,scripts/analyze_recording_context.py,reports/recording_context/EXP-003_context_baselines.json,recording-context lower bound for audio models,start hour from Apple-chain timestamps (340/342 participants)
EXP-003,2026-10-08,done,RQ7,cab18a356920df713a22d0084e4e366f7ce0a2f290f640d0f9b565d523a3af9b,,,340,282,58,0.0,0,audio_cohort,none (metadata: file timestamps),"RepeatedStratifiedKFold(5x20, rs=0), participant-level",,context:hour+date,,,LogisticRegression(class_weight=balanced),none,,,log-loss,class_weight,none,C=1.0 (default); hour enters as hour+hour^2,0,100,participant,roc_auc,0.9315,0.0323,,,0.8637,0.9835,,,<1 min,CPU,see PR,scripts/analyze_recording_context.py,reports/recording_context/EXP-003_context_baselines.json,recording-context lower bound for audio models,start hour from Apple-chain timestamps (340/342 participants)
EXP-003,2026-10-08,done,RQ7,cab18a356920df713a22d0084e4e366f7ce0a2f290f640d0f9b565d523a3af9b,,,340,283,57,0.0,0,audio_cohort,none (metadata: file timestamps),"RepeatedStratifiedKFold(5x20, rs=0), participant-level",,context:age,,,LogisticRegression(class_weight=balanced),none,,,log-loss,class_weight,none,C=1.0 (default); hour enters as hour+hour^2,0,100,participant,roc_auc,0.6809,0.0764,,,0.5218,0.8112,,,<1 min,CPU,see PR,scripts/analyze_recording_context.py,reports/recording_context/EXP-003_context_baselines.json,recording-context lower bound for audio models,start hour from Apple-chain timestamps (340/342 participants)
EXP-003,2026-10-08,done,RQ7,cab18a356920df713a22d0084e4e366f7ce0a2f290f640d0f9b565d523a3af9b,,,339,282,57,0.0,0,audio_cohort,none (metadata: file timestamps),"RepeatedStratifiedKFold(5x20, rs=0), participant-level",,context:age+hour,,,LogisticRegression(class_weight=balanced),none,,,log-loss,class_weight,none,C=1.0 (default); hour enters as hour+hour^2,0,100,participant,roc_auc,0.8632,0.0567,,,0.7306,0.943,,,<1 min,CPU,see PR,scripts/analyze_recording_context.py,reports/recording_context/EXP-003_context_baselines.json,recording-context lower bound for audio models,start hour from Apple-chain timestamps (340/342 participants)
EXP-003,2026-10-08,done,RQ7,cab18a356920df713a22d0084e4e366f7ce0a2f290f640d0f9b565d523a3af9b,,,339,282,57,0.0,0,audio_cohort,none (metadata: file timestamps),"RepeatedStratifiedKFold(5x20, rs=0), participant-level",,context:age+hour+date,,,LogisticRegression(class_weight=balanced),none,,,log-loss,class_weight,none,C=1.0 (default); hour enters as hour+hour^2,0,100,participant,roc_auc,0.9335,0.0344,,,0.8556,0.984,,,<1 min,CPU,see PR,scripts/analyze_recording_context.py,reports/recording_context/EXP-003_context_baselines.json,recording-context lower bound for audio models,start hour from Apple-chain timestamps (340/342 participants)
EXP-003,2026-10-08,done,RQ7,cab18a356920df713a22d0084e4e366f7ce0a2f290f640d0f9b565d523a3af9b,,,154,97,57,0.0,0,time_window,none (metadata: file timestamps),"RepeatedStratifiedKFold(5x20, rs=0), participant-level",,context:hour,,,LogisticRegression(class_weight=balanced),none,,,log-loss,class_weight,none,C=1.0 (default); hour enters as hour+hour^2,0,100,participant,roc_auc,0.8728,0.0529,,,0.7707,0.9629,,,<1 min,CPU,see PR,scripts/analyze_recording_context.py,reports/recording_context/EXP-003_context_baselines.json,recording-context lower bound for audio models,start hour from Apple-chain timestamps (340/342 participants)
EXP-003,2026-10-08,done,RQ7,cab18a356920df713a22d0084e4e366f7ce0a2f290f640d0f9b565d523a3af9b,,,155,98,57,0.0,0,time_window,none (metadata: file timestamps),"RepeatedStratifiedKFold(5x20, rs=0), participant-level",,context:date,,,LogisticRegression(class_weight=balanced),none,,,log-loss,class_weight,none,C=1.0 (default); hour enters as hour+hour^2,0,100,participant,roc_auc,0.5581,0.118,,,0.3045,0.786,,,<1 min,CPU,see PR,scripts/analyze_recording_context.py,reports/recording_context/EXP-003_context_baselines.json,recording-context lower bound for audio models,start hour from Apple-chain timestamps (340/342 participants)
EXP-003,2026-10-08,done,RQ7,cab18a356920df713a22d0084e4e366f7ce0a2f290f640d0f9b565d523a3af9b,,,154,97,57,0.0,0,time_window,none (metadata: file timestamps),"RepeatedStratifiedKFold(5x20, rs=0), participant-level",,context:hour+date,,,LogisticRegression(class_weight=balanced),none,,,log-loss,class_weight,none,C=1.0 (default); hour enters as hour+hour^2,0,100,participant,roc_auc,0.8814,0.0547,,,0.7828,0.9727,,,<1 min,CPU,see PR,scripts/analyze_recording_context.py,reports/recording_context/EXP-003_context_baselines.json,recording-context lower bound for audio models,start hour from Apple-chain timestamps (340/342 participants)
EXP-003,2026-10-08,done,RQ7,cab18a356920df713a22d0084e4e366f7ce0a2f290f640d0f9b565d523a3af9b,,,155,98,57,0.0,0,time_window,none (metadata: file timestamps),"RepeatedStratifiedKFold(5x20, rs=0), participant-level",,context:age,,,LogisticRegression(class_weight=balanced),none,,,log-loss,class_weight,none,C=1.0 (default); hour enters as hour+hour^2,0,100,participant,roc_auc,0.6705,0.0798,,,0.5248,0.8169,,,<1 min,CPU,see PR,scripts/analyze_recording_context.py,reports/recording_context/EXP-003_context_baselines.json,recording-context lower bound for audio models,start hour from Apple-chain timestamps (340/342 participants)
EXP-003,2026-10-08,done,RQ7,cab18a356920df713a22d0084e4e366f7ce0a2f290f640d0f9b565d523a3af9b,,,154,97,57,0.0,0,time_window,none (metadata: file timestamps),"RepeatedStratifiedKFold(5x20, rs=0), participant-level",,context:age+hour,,,LogisticRegression(class_weight=balanced),none,,,log-loss,class_weight,none,C=1.0 (default); hour enters as hour+hour^2,0,100,participant,roc_auc,0.8911,0.0513,,,0.7923,0.9818,,,<1 min,CPU,see PR,scripts/analyze_recording_context.py,reports/recording_context/EXP-003_context_baselines.json,recording-context lower bound for audio models,start hour from Apple-chain timestamps (340/342 participants)
EXP-003,2026-10-08,done,RQ7,cab18a356920df713a22d0084e4e366f7ce0a2f290f640d0f9b565d523a3af9b,,,154,97,57,0.0,0,time_window,none (metadata: file timestamps),"RepeatedStratifiedKFold(5x20, rs=0), participant-level",,context:age+hour+date,,,LogisticRegression(class_weight=balanced),none,,,log-loss,class_weight,none,C=1.0 (default); hour enters as hour+hour^2,0,100,participant,roc_auc,0.9079,0.0438,,,0.8179,0.9841,,,<1 min,CPU,see PR,scripts/analyze_recording_context.py,reports/recording_context/EXP-003_context_baselines.json,recording-context lower bound for audio models,start hour from Apple-chain timestamps (340/342 participants)
EXP-003,2026-10-08,done,RQ7,cab18a356920df713a22d0084e4e366f7ce0a2f290f640d0f9b565d523a3af9b,,,132,86,46,0.0,0,afternoon_only,none (metadata: file timestamps),"RepeatedStratifiedKFold(5x20, rs=0), participant-level",,context:hour,,,LogisticRegression(class_weight=balanced),none,,,log-loss,class_weight,none,C=1.0 (default); hour enters as hour+hour^2,0,100,participant,roc_auc,0.7668,0.0946,,,0.5424,0.9189,,,<1 min,CPU,see PR,scripts/analyze_recording_context.py,reports/recording_context/EXP-003_context_baselines.json,recording-context lower bound for audio models,start hour from Apple-chain timestamps (340/342 participants)
EXP-003,2026-10-08,done,RQ7,cab18a356920df713a22d0084e4e366f7ce0a2f290f640d0f9b565d523a3af9b,,,132,86,46,0.0,0,afternoon_only,none (metadata: file timestamps),"RepeatedStratifiedKFold(5x20, rs=0), participant-level",,context:date,,,LogisticRegression(class_weight=balanced),none,,,log-loss,class_weight,none,C=1.0 (default); hour enters as hour+hour^2,0,100,participant,roc_auc,0.8616,0.0593,,,0.7516,0.9619,,,<1 min,CPU,see PR,scripts/analyze_recording_context.py,reports/recording_context/EXP-003_context_baselines.json,recording-context lower bound for audio models,start hour from Apple-chain timestamps (340/342 participants)
EXP-003,2026-10-08,done,RQ7,cab18a356920df713a22d0084e4e366f7ce0a2f290f640d0f9b565d523a3af9b,,,132,86,46,0.0,0,afternoon_only,none (metadata: file timestamps),"RepeatedStratifiedKFold(5x20, rs=0), participant-level",,context:hour+date,,,LogisticRegression(class_weight=balanced),none,,,log-loss,class_weight,none,C=1.0 (default); hour enters as hour+hour^2,0,100,participant,roc_auc,0.9121,0.0507,,,0.8039,0.9971,,,<1 min,CPU,see PR,scripts/analyze_recording_context.py,reports/recording_context/EXP-003_context_baselines.json,recording-context lower bound for audio models,start hour from Apple-chain timestamps (340/342 participants)
EXP-003,2026-10-08,done,RQ7,cab18a356920df713a22d0084e4e366f7ce0a2f290f640d0f9b565d523a3af9b,,,131,86,45,0.0,0,afternoon_only,none (metadata: file timestamps),"RepeatedStratifiedKFold(5x20, rs=0), participant-level",,context:age,,,LogisticRegression(class_weight=balanced),none,,,log-loss,class_weight,none,C=1.0 (default); hour enters as hour+hour^2,0,100,participant,roc_auc,0.6655,0.091,,,0.4873,0.8385,,,<1 min,CPU,see PR,scripts/analyze_recording_context.py,reports/recording_context/EXP-003_context_baselines.json,recording-context lower bound for audio models,start hour from Apple-chain timestamps (340/342 participants)
EXP-003,2026-10-08,done,RQ7,cab18a356920df713a22d0084e4e366f7ce0a2f290f640d0f9b565d523a3af9b,,,131,86,45,0.0,0,afternoon_only,none (metadata: file timestamps),"RepeatedStratifiedKFold(5x20, rs=0), participant-level",,context:age+hour,,,LogisticRegression(class_weight=balanced),none,,,log-loss,class_weight,none,C=1.0 (default); hour enters as hour+hour^2,0,100,participant,roc_auc,0.7958,0.0794,,,0.6254,0.9432,,,<1 min,CPU,see PR,scripts/analyze_recording_context.py,reports/recording_context/EXP-003_context_baselines.json,recording-context lower bound for audio models,start hour from Apple-chain timestamps (340/342 participants)
EXP-003,2026-10-08,done,RQ7,cab18a356920df713a22d0084e4e366f7ce0a2f290f640d0f9b565d523a3af9b,,,131,86,45,0.0,0,afternoon_only,none (metadata: file timestamps),"RepeatedStratifiedKFold(5x20, rs=0), participant-level",,context:age+hour+date,,,LogisticRegression(class_weight=balanced),none,,,log-loss,class_weight,none,C=1.0 (default); hour enters as hour+hour^2,0,100,participant,roc_auc,0.912,0.0521,,,0.8284,1.0,,,<1 min,CPU,see PR,scripts/analyze_recording_context.py,reports/recording_context/EXP-003_context_baselines.json,recording-context lower bound for audio models,start hour from Apple-chain timestamps (340/342 participants)
EXP-004,2026-10-08,done,RQ7,cab18a356920df713a22d0084e4e366f7ce0a2f290f640d0f9b565d523a3af9b,,,282,282,0,1973.0,0,"asthma_only (target: afternoon session, n_pm=86)",all slots (participant mean of audit metrics),"RepeatedStratifiedKFold(5x20, rs=0), participant-level",,"audit metrics: noise floor, speech level, SNR proxy, RMS, bandwidth, duration, lead/trail silence, active fraction, bitrate, chain_ffmpeg share",,,LogisticRegression(class_weight=balanced),none,,,log-loss,class_weight,none,C=1.0 (default); StandardScaler in pipeline,0,100,participant,roc_auc,0.5488,0.0674,,,,,,,<1 min,CPU,see PR,scripts/analyze_recording_context.py,reports/recording_context/recording_context.json,within-label time-of-day acoustic signature (coarse metrics); no single metric beyond permutation threshold,coarse metrics only; embeddings tested in EXP-020
EXP-004,2026-10-08,done,RQ7,cab18a356920df713a22d0084e4e366f7ce0a2f290f640d0f9b565d523a3af9b,,,58,0,58,406.0,0,"healthy_only (target: afternoon session, n_pm=46)",all slots (participant mean of audit metrics),"RepeatedStratifiedKFold(5x20, rs=0), participant-level",,"audit metrics: noise floor, speech level, SNR proxy, RMS, bandwidth, duration, lead/trail silence, active fraction, bitrate, chain_ffmpeg share",,,LogisticRegression(class_weight=balanced),none,,,log-loss,class_weight,none,C=1.0 (default); StandardScaler in pipeline,0,100,participant,roc_auc,0.5253,0.1791,,,,,,,<1 min,CPU,see PR,scripts/analyze_recording_context.py,reports/recording_context/recording_context.json,within-label time-of-day acoustic signature (coarse metrics); no single metric beyond permutation threshold,coarse metrics only; embeddings tested in EXP-020; only 12 morning healthy
EXP-004b,2026-10-08,done,RQ7,cab18a356920df713a22d0084e4e366f7ce0a2f290f640d0f9b565d523a3af9b,,,282,282,0,0.0,0,"asthma_only (target: afternoon session, n_pm=86)",none (clinical variables),"RepeatedStratifiedKFold(5x20, rs=0), participant-level",,"clinical profile: asthma_step, sft_dx, smoking, sex, gina_control, ics_use, allergic_rhinitis, age, act_total, fev1_pct, fvc_pct, fev1_fvc",,"OneHotEncoder(cat, missing as category) + StandardScaler(num)",LogisticRegression(class_weight=balanced),none,,,log-loss,class_weight,none,C=1.0 (default),0,100,participant,roc_auc,0.5281,0.0711,,,0.3748,0.6441,,,<1 min,CPU,see PR,scripts/analyze_recording_context.py,reports/recording_context/recording_context.json,morning vs afternoon patients clinically similar; only recording period differs (p=0.023),univariate p uncorrected; binary noon cut
EXP-010,2026-10-09,done,RQ1,,,,342,283,59,,0,audio cohort (342; görev 4: 341),aaa,"StratifiedKFold(5, shuffle, rs=42), participant-level",,44-d MFCC+spectral summary (features sha256 b94da5c9712e),22050.0,orig m4a → 22.05 kHz → librosa trim top_db=60,NaiveBayes,none,,,,SMOTE (train fold),none,library defaults (paper),42,5,participant,roc_auc,0.5703,0.0816,0.4915,0.6359,0.4801,0.6468,0.5419,0.0875,,Colab CPU,98428f4d0b25066abd4fe86cac1760439958ab9f,scripts/run_mfcc_baselines.py,reports/mfcc/EXP-010_mfcc.json,upper bound — recording context alone AUC ~0.93 (D-028),single split; best-of-14 selected on test folds (paper rule)
EXP-010,2026-10-09,done,RQ1,,,,342,283,59,,0,audio cohort (342; görev 4: 341),aaa,"StratifiedKFold(5, shuffle, rs=42), participant-level",,44-d MFCC+spectral summary (features sha256 b94da5c9712e),22050.0,orig m4a → 22.05 kHz → librosa trim top_db=60,KNN,none,,,,SMOTE (train fold),none,library defaults (paper),42,5,participant,roc_auc,0.5732,0.0526,0.5016,0.6434,0.5136,0.6411,0.5394,0.0855,,Colab CPU,98428f4d0b25066abd4fe86cac1760439958ab9f,scripts/run_mfcc_baselines.py,reports/mfcc/EXP-010_mfcc.json,upper bound — recording context alone AUC ~0.93 (D-028),single split; best-of-14 selected on test folds (paper rule)
EXP-010,2026-10-09,done,RQ1,,,,342,283,59,,0,audio cohort (342; görev 4: 341),aaa,"StratifiedKFold(5, shuffle, rs=42), participant-level",,44-d MFCC+spectral summary (features sha256 b94da5c9712e),22050.0,orig m4a → 22.05 kHz → librosa trim top_db=60,DecisionTree,none,,,,SMOTE (train fold),none,library defaults (paper),42,5,participant,roc_auc,0.5154,0.0795,0.4564,0.5833,0.4142,0.6077,0.5154,0.0795,,Colab CPU,98428f4d0b25066abd4fe86cac1760439958ab9f,scripts/run_mfcc_baselines.py,reports/mfcc/EXP-010_mfcc.json,upper bound — recording context alone AUC ~0.93 (D-028),single split; best-of-14 selected on test folds (paper rule)
EXP-010,2026-10-09,done,RQ1,,,,342,283,59,,0,audio cohort (342; görev 4: 341),aaa,"StratifiedKFold(5, shuffle, rs=42), participant-level",,44-d MFCC+spectral summary (features sha256 b94da5c9712e),22050.0,orig m4a → 22.05 kHz → librosa trim top_db=60,LogisticRegression,none,,,,SMOTE (train fold),none,library defaults (paper),42,5,participant,roc_auc,0.7129,0.0434,0.6399,0.7768,0.6668,0.7606,0.6461,0.0629,,Colab CPU,98428f4d0b25066abd4fe86cac1760439958ab9f,scripts/run_mfcc_baselines.py,reports/mfcc/EXP-010_mfcc.json,upper bound — recording context alone AUC ~0.93 (D-028),single split; best-of-14 selected on test folds (paper rule)
EXP-010,2026-10-09,done,RQ1,,,,342,283,59,,0,audio cohort (342; görev 4: 341),aaa,"StratifiedKFold(5, shuffle, rs=42), participant-level",,44-d MFCC+spectral summary (features sha256 b94da5c9712e),22050.0,orig m4a → 22.05 kHz → librosa trim top_db=60,SVM,none,,,,SMOTE (train fold),none,library defaults (paper),42,5,participant,roc_auc,0.6674,0.0699,0.6015,0.738,0.5773,0.7409,0.5247,0.0219,,Colab CPU,98428f4d0b25066abd4fe86cac1760439958ab9f,scripts/run_mfcc_baselines.py,reports/mfcc/EXP-010_mfcc.json,upper bound — recording context alone AUC ~0.93 (D-028),single split; best-of-14 selected on test folds (paper rule)
EXP-010,2026-10-09,done,RQ1,,,,342,283,59,,0,audio cohort (342; görev 4: 341),aaa,"StratifiedKFold(5, shuffle, rs=42), participant-level",,44-d MFCC+spectral summary (features sha256 b94da5c9712e),22050.0,orig m4a → 22.05 kHz → librosa trim top_db=60,MLP,none,,,,SMOTE (train fold),none,library defaults (paper),42,5,participant,roc_auc,0.7246,0.0513,0.6471,0.7846,0.6609,0.7733,0.6114,0.0622,,Colab CPU,98428f4d0b25066abd4fe86cac1760439958ab9f,scripts/run_mfcc_baselines.py,reports/mfcc/EXP-010_mfcc.json,upper bound — recording context alone AUC ~0.93 (D-028),single split; best-of-14 selected on test folds (paper rule)
EXP-010,2026-10-09,done,RQ1,,,,342,283,59,,0,audio cohort (342; görev 4: 341),aaa,"StratifiedKFold(5, shuffle, rs=42), participant-level",,44-d MFCC+spectral summary (features sha256 b94da5c9712e),22050.0,orig m4a → 22.05 kHz → librosa trim top_db=60,RandomForest,none,,,,SMOTE (train fold),none,library defaults (paper),42,5,participant,roc_auc,0.6174,0.0911,0.5427,0.6904,0.4834,0.6928,0.519,0.0188,,Colab CPU,98428f4d0b25066abd4fe86cac1760439958ab9f,scripts/run_mfcc_baselines.py,reports/mfcc/EXP-010_mfcc.json,upper bound — recording context alone AUC ~0.93 (D-028),single split; best-of-14 selected on test folds (paper rule)
EXP-010,2026-10-09,done,RQ1,,,,342,283,59,,0,audio cohort (342; görev 4: 341),aaa,"StratifiedKFold(5, shuffle, rs=42), participant-level",,44-d MFCC+spectral summary (features sha256 b94da5c9712e),22050.0,orig m4a → 22.05 kHz → librosa trim top_db=60,AdaBoost,none,,,,SMOTE (train fold),none,library defaults (paper),42,5,participant,roc_auc,0.5552,0.069,0.4715,0.6315,0.4681,0.6262,0.524,0.0626,,Colab CPU,98428f4d0b25066abd4fe86cac1760439958ab9f,scripts/run_mfcc_baselines.py,reports/mfcc/EXP-010_mfcc.json,upper bound — recording context alone AUC ~0.93 (D-028),single split; best-of-14 selected on test folds (paper rule)
EXP-010,2026-10-09,done,RQ1,,,,342,283,59,,0,audio cohort (342; görev 4: 341),aaa,"StratifiedKFold(5, shuffle, rs=42), participant-level",,44-d MFCC+spectral summary (features sha256 b94da5c9712e),22050.0,orig m4a → 22.05 kHz → librosa trim top_db=60,GradientBoosting,none,,,,SMOTE (train fold),none,library defaults (paper),42,5,participant,roc_auc,0.6099,0.0947,0.5292,0.6888,0.4804,0.7003,0.5541,0.0747,,Colab CPU,98428f4d0b25066abd4fe86cac1760439958ab9f,scripts/run_mfcc_baselines.py,reports/mfcc/EXP-010_mfcc.json,upper bound — recording context alone AUC ~0.93 (D-028),single split; best-of-14 selected on test folds (paper rule)
EXP-010,2026-10-09,done,RQ1,,,,342,283,59,,0,audio cohort (342; görev 4: 341),aaa,"StratifiedKFold(5, shuffle, rs=42), participant-level",,44-d MFCC+spectral summary (features sha256 b94da5c9712e),22050.0,orig m4a → 22.05 kHz → librosa trim top_db=60,CatBoost,none,,,,SMOTE (train fold),none,library defaults (paper),42,5,participant,roc_auc,0.6094,0.0678,0.5305,0.677,0.5228,0.6857,0.5175,0.0266,,Colab CPU,98428f4d0b25066abd4fe86cac1760439958ab9f,scripts/run_mfcc_baselines.py,reports/mfcc/EXP-010_mfcc.json,upper bound — recording context alone AUC ~0.93 (D-028),single split; best-of-14 selected on test folds (paper rule)
EXP-010,2026-10-09,done,RQ1,,,,342,283,59,,0,audio cohort (342; görev 4: 341),aaa,"StratifiedKFold(5, shuffle, rs=42), participant-level",,44-d MFCC+spectral summary (features sha256 b94da5c9712e),22050.0,orig m4a → 22.05 kHz → librosa trim top_db=60,XGBoost,none,,,,SMOTE (train fold),none,library defaults (paper),42,5,participant,roc_auc,0.5965,0.0843,0.5115,0.6734,0.4666,0.6626,0.5494,0.0308,,Colab CPU,98428f4d0b25066abd4fe86cac1760439958ab9f,scripts/run_mfcc_baselines.py,reports/mfcc/EXP-010_mfcc.json,upper bound — recording context alone AUC ~0.93 (D-028),single split; best-of-14 selected on test folds (paper rule)
EXP-010,2026-10-09,done,RQ1,,,,342,283,59,,0,audio cohort (342; görev 4: 341),aaa,"StratifiedKFold(5, shuffle, rs=42), participant-level",,44-d MFCC+spectral summary (features sha256 b94da5c9712e),22050.0,orig m4a → 22.05 kHz → librosa trim top_db=60,VotingEnsemble,none,,,,SMOTE (train fold),none,library defaults (paper),42,5,participant,roc_auc,0.6483,0.0647,0.5685,0.7231,0.5527,0.7072,0.5825,0.0341,,Colab CPU,98428f4d0b25066abd4fe86cac1760439958ab9f,scripts/run_mfcc_baselines.py,reports/mfcc/EXP-010_mfcc.json,upper bound — recording context alone AUC ~0.93 (D-028),single split; best-of-14 selected on test folds (paper rule)
EXP-010,2026-10-09,done,RQ1,,,,342,283,59,,0,audio cohort (342; görev 4: 341),aaa,"StratifiedKFold(5, shuffle, rs=42), participant-level",,44-d MFCC+spectral summary (features sha256 b94da5c9712e),22050.0,orig m4a → 22.05 kHz → librosa trim top_db=60,StackingEnsemble,none,,,,SMOTE (train fold),none,library defaults (paper),42,5,participant,roc_auc,0.6727,0.0559,0.5797,0.7396,0.6032,0.735,0.5389,0.0286,,Colab CPU,98428f4d0b25066abd4fe86cac1760439958ab9f,scripts/run_mfcc_baselines.py,reports/mfcc/EXP-010_mfcc.json,upper bound — recording context alone AUC ~0.93 (D-028),single split; best-of-14 selected on test folds (paper rule)
EXP-010,2026-10-09,done,RQ1,,,,342,283,59,,0,audio cohort (342; görev 4: 341),aaa,"StratifiedKFold(5, shuffle, rs=42), participant-level",,44-d MFCC+spectral summary (features sha256 b94da5c9712e),22050.0,orig m4a → 22.05 kHz → librosa trim top_db=60,WeightedVotingEnsemble,none,,,,SMOTE (train fold),none,library defaults (paper),42,5,participant,roc_auc,0.6486,0.0647,0.5684,0.723,0.5527,0.7072,0.5759,0.028,,Colab CPU,98428f4d0b25066abd4fe86cac1760439958ab9f,scripts/run_mfcc_baselines.py,reports/mfcc/EXP-010_mfcc.json,upper bound — recording context alone AUC ~0.93 (D-028),single split; best-of-14 selected on test folds (paper rule)
EXP-010,2026-10-09,done,RQ1,,,,342,283,59,,0,audio cohort (342; görev 4: 341),araba,"StratifiedKFold(5, shuffle, rs=42), participant-level",,44-d MFCC+spectral summary (features sha256 b94da5c9712e),22050.0,orig m4a → 22.05 kHz → librosa trim top_db=60,NaiveBayes,none,,,,SMOTE (train fold),none,library defaults (paper),42,5,participant,roc_auc,0.5542,0.0688,0.4625,0.6233,0.4823,0.6511,0.5154,0.0917,,Colab CPU,98428f4d0b25066abd4fe86cac1760439958ab9f,scripts/run_mfcc_baselines.py,reports/mfcc/EXP-010_mfcc.json,upper bound — recording context alone AUC ~0.93 (D-028),single split; best-of-14 selected on test folds (paper rule)
EXP-010,2026-10-09,done,RQ1,,,,342,283,59,,0,audio cohort (342; görev 4: 341),araba,"StratifiedKFold(5, shuffle, rs=42), participant-level",,44-d MFCC+spectral summary (features sha256 b94da5c9712e),22050.0,orig m4a → 22.05 kHz → librosa trim top_db=60,KNN,none,,,,SMOTE (train fold),none,library defaults (paper),42,5,participant,roc_auc,0.6164,0.1171,0.5357,0.6901,0.4608,0.76,0.5851,0.0623,,Colab CPU,98428f4d0b25066abd4fe86cac1760439958ab9f,scripts/run_mfcc_baselines.py,reports/mfcc/EXP-010_mfcc.json,upper bound — recording context alone AUC ~0.93 (D-028),single split; best-of-14 selected on test folds (paper rule)
EXP-010,2026-10-09,done,RQ1,,,,342,283,59,,0,audio cohort (342; görev 4: 341),araba,"StratifiedKFold(5, shuffle, rs=42), participant-level",,44-d MFCC+spectral summary (features sha256 b94da5c9712e),22050.0,orig m4a → 22.05 kHz → librosa trim top_db=60,DecisionTree,none,,,,SMOTE (train fold),none,library defaults (paper),42,5,participant,roc_auc,0.5903,0.1046,0.5255,0.6539,0.4353,0.6846,0.5903,0.1046,,Colab CPU,98428f4d0b25066abd4fe86cac1760439958ab9f,scripts/run_mfcc_baselines.py,reports/mfcc/EXP-010_mfcc.json,upper bound — recording context alone AUC ~0.93 (D-028),single split; best-of-14 selected on test folds (paper rule)
EXP-010,2026-10-09,done,RQ1,,,,342,283,59,,0,audio cohort (342; görev 4: 341),araba,"StratifiedKFold(5, shuffle, rs=42), participant-level",,44-d MFCC+spectral summary (features sha256 b94da5c9712e),22050.0,orig m4a → 22.05 kHz → librosa trim top_db=60,LogisticRegression,none,,,,SMOTE (train fold),none,library defaults (paper),42,5,participant,roc_auc,0.6861,0.0356,0.6057,0.748,0.6561,0.7392,0.6023,0.0406,,Colab CPU,98428f4d0b25066abd4fe86cac1760439958ab9f,scripts/run_mfcc_baselines.py,reports/mfcc/EXP-010_mfcc.json,upper bound — recording context alone AUC ~0.93 (D-028),single split; best-of-14 selected on test folds (paper rule)
EXP-010,2026-10-09,done,RQ1,,,,342,283,59,,0,audio cohort (342; görev 4: 341),araba,"StratifiedKFold(5, shuffle, rs=42), participant-level",,44-d MFCC+spectral summary (features sha256 b94da5c9712e),22050.0,orig m4a → 22.05 kHz → librosa trim top_db=60,SVM,none,,,,SMOTE (train fold),none,library defaults (paper),42,5,participant,roc_auc,0.6726,0.0848,0.5882,0.7468,0.5435,0.7457,0.5361,0.0331,,Colab CPU,98428f4d0b25066abd4fe86cac1760439958ab9f,scripts/run_mfcc_baselines.py,reports/mfcc/EXP-010_mfcc.json,upper bound — recording context alone AUC ~0.93 (D-028),single split; best-of-14 selected on test folds (paper rule)
EXP-010,2026-10-09,done,RQ1,,,,342,283,59,,0,audio cohort (342; görev 4: 341),araba,"StratifiedKFold(5, shuffle, rs=42), participant-level",,44-d MFCC+spectral summary (features sha256 b94da5c9712e),22050.0,orig m4a → 22.05 kHz → librosa trim top_db=60,MLP,none,,,,SMOTE (train fold),none,library defaults (paper),42,5,participant,roc_auc,0.6766,0.0823,0.5864,0.7434,0.5723,0.764,0.6061,0.0608,,Colab CPU,98428f4d0b25066abd4fe86cac1760439958ab9f,scripts/run_mfcc_baselines.py,reports/mfcc/EXP-010_mfcc.json,upper bound — recording context alone AUC ~0.93 (D-028),single split; best-of-14 selected on test folds (paper rule)
EXP-010,2026-10-09,done,RQ1,,,,342,283,59,,0,audio cohort (342; görev 4: 341),araba,"StratifiedKFold(5, shuffle, rs=42), participant-level",,44-d MFCC+spectral summary (features sha256 b94da5c9712e),22050.0,orig m4a → 22.05 kHz → librosa trim top_db=60,RandomForest,none,,,,SMOTE (train fold),none,library defaults (paper),42,5,participant,roc_auc,0.6294,0.0729,0.5532,0.7137,0.5262,0.6947,0.5509,0.0497,,Colab CPU,98428f4d0b25066abd4fe86cac1760439958ab9f,scripts/run_mfcc_baselines.py,reports/mfcc/EXP-010_mfcc.json,upper bound — recording context alone AUC ~0.93 (D-028),single split; best-of-14 selected on test folds (paper rule)
EXP-010,2026-10-09,done,RQ1,,,,342,283,59,,0,audio cohort (342; görev 4: 341),araba,"StratifiedKFold(5, shuffle, rs=42), participant-level",,44-d MFCC+spectral summary (features sha256 b94da5c9712e),22050.0,orig m4a → 22.05 kHz → librosa trim top_db=60,AdaBoost,none,,,,SMOTE (train fold),none,library defaults (paper),42,5,participant,roc_auc,0.646,0.0745,0.5717,0.7239,0.5698,0.7496,0.5888,0.0727,,Colab CPU,98428f4d0b25066abd4fe86cac1760439958ab9f,scripts/run_mfcc_baselines.py,reports/mfcc/EXP-010_mfcc.json,upper bound — recording context alone AUC ~0.93 (D-028),single split; best-of-14 selected on test folds (paper rule)
EXP-010,2026-10-09,done,RQ1,,,,342,283,59,,0,audio cohort (342; görev 4: 341),araba,"StratifiedKFold(5, shuffle, rs=42), participant-level",,44-d MFCC+spectral summary (features sha256 b94da5c9712e),22050.0,orig m4a → 22.05 kHz → librosa trim top_db=60,GradientBoosting,none,,,,SMOTE (train fold),none,library defaults (paper),42,5,participant,roc_auc,0.6081,0.0816,0.5159,0.6925,0.5029,0.7096,0.5938,0.0648,,Colab CPU,98428f4d0b25066abd4fe86cac1760439958ab9f,scripts/run_mfcc_baselines.py,reports/mfcc/EXP-010_mfcc.json,upper bound — recording context alone AUC ~0.93 (D-028),single split; best-of-14 selected on test folds (paper rule)
EXP-010,2026-10-09,done,RQ1,,,,342,283,59,,0,audio cohort (342; görev 4: 341),araba,"StratifiedKFold(5, shuffle, rs=42), participant-level",,44-d MFCC+spectral summary (features sha256 b94da5c9712e),22050.0,orig m4a → 22.05 kHz → librosa trim top_db=60,CatBoost,none,,,,SMOTE (train fold),none,library defaults (paper),42,5,participant,roc_auc,0.6642,0.0706,0.5747,0.7414,0.5543,0.7134,0.5994,0.0536,,Colab CPU,98428f4d0b25066abd4fe86cac1760439958ab9f,scripts/run_mfcc_baselines.py,reports/mfcc/EXP-010_mfcc.json,upper bound — recording context alone AUC ~0.93 (D-028),single split; best-of-14 selected on test folds (paper rule)
EXP-010,2026-10-09,done,RQ1,,,,342,283,59,,0,audio cohort (342; görev 4: 341),araba,"StratifiedKFold(5, shuffle, rs=42), participant-level",,44-d MFCC+spectral summary (features sha256 b94da5c9712e),22050.0,orig m4a → 22.05 kHz → librosa trim top_db=60,XGBoost,none,,,,SMOTE (train fold),none,library defaults (paper),42,5,participant,roc_auc,0.6742,0.1137,0.5786,0.7493,0.5196,0.8089,0.6116,0.0467,,Colab CPU,98428f4d0b25066abd4fe86cac1760439958ab9f,scripts/run_mfcc_baselines.py,reports/mfcc/EXP-010_mfcc.json,upper bound — recording context alone AUC ~0.93 (D-028),single split; best-of-14 selected on test folds (paper rule)
EXP-010,2026-10-09,done,RQ1,,,,342,283,59,,0,audio cohort (342; görev 4: 341),araba,"StratifiedKFold(5, shuffle, rs=42), participant-level",,44-d MFCC+spectral summary (features sha256 b94da5c9712e),22050.0,orig m4a → 22.05 kHz → librosa trim top_db=60,VotingEnsemble,none,,,,SMOTE (train fold),none,library defaults (paper),42,5,participant,roc_auc,0.6628,0.0743,0.5703,0.7431,0.5482,0.7223,0.581,0.0545,,Colab CPU,98428f4d0b25066abd4fe86cac1760439958ab9f,scripts/run_mfcc_baselines.py,reports/mfcc/EXP-010_mfcc.json,upper bound — recording context alone AUC ~0.93 (D-028),single split; best-of-14 selected on test folds (paper rule)
EXP-010,2026-10-09,done,RQ1,,,,342,283,59,,0,audio cohort (342; görev 4: 341),araba,"StratifiedKFold(5, shuffle, rs=42), participant-level",,44-d MFCC+spectral summary (features sha256 b94da5c9712e),22050.0,orig m4a → 22.05 kHz → librosa trim top_db=60,StackingEnsemble,none,,,,SMOTE (train fold),none,library defaults (paper),42,5,participant,roc_auc,0.6712,0.0837,0.5721,0.7425,0.5455,0.7493,0.5671,0.0316,,Colab CPU,98428f4d0b25066abd4fe86cac1760439958ab9f,scripts/run_mfcc_baselines.py,reports/mfcc/EXP-010_mfcc.json,upper bound — recording context alone AUC ~0.93 (D-028),single split; best-of-14 selected on test folds (paper rule)
EXP-010,2026-10-09,done,RQ1,,,,342,283,59,,0,audio cohort (342; görev 4: 341),araba,"StratifiedKFold(5, shuffle, rs=42), participant-level",,44-d MFCC+spectral summary (features sha256 b94da5c9712e),22050.0,orig m4a → 22.05 kHz → librosa trim top_db=60,WeightedVotingEnsemble,none,,,,SMOTE (train fold),none,library defaults (paper),42,5,participant,roc_auc,0.6643,0.0743,0.5697,0.7425,0.5497,0.7237,0.581,0.0545,,Colab CPU,98428f4d0b25066abd4fe86cac1760439958ab9f,scripts/run_mfcc_baselines.py,reports/mfcc/EXP-010_mfcc.json,upper bound — recording context alone AUC ~0.93 (D-028),single split; best-of-14 selected on test folds (paper rule)
EXP-010,2026-10-09,done,RQ1,,,,342,283,59,,0,audio cohort (342; görev 4: 341),ana,"StratifiedKFold(5, shuffle, rs=42), participant-level",,44-d MFCC+spectral summary (features sha256 b94da5c9712e),22050.0,orig m4a → 22.05 kHz → librosa trim top_db=60,NaiveBayes,none,,,,SMOTE (train fold),none,library defaults (paper),42,5,participant,roc_auc,0.565,0.1102,0.476,0.6525,0.4321,0.6858,0.5564,0.0603,,Colab CPU,98428f4d0b25066abd4fe86cac1760439958ab9f,scripts/run_mfcc_baselines.py,reports/mfcc/EXP-010_mfcc.json,upper bound — recording context alone AUC ~0.93 (D-028),single split; best-of-14 selected on test folds (paper rule)
EXP-010,2026-10-09,done,RQ1,,,,342,283,59,,0,audio cohort (342; görev 4: 341),ana,"StratifiedKFold(5, shuffle, rs=42), participant-level",,44-d MFCC+spectral summary (features sha256 b94da5c9712e),22050.0,orig m4a → 22.05 kHz → librosa trim top_db=60,KNN,none,,,,SMOTE (train fold),none,library defaults (paper),42,5,participant,roc_auc,0.6415,0.1013,0.5628,0.7137,0.4923,0.7183,0.5987,0.1241,,Colab CPU,98428f4d0b25066abd4fe86cac1760439958ab9f,scripts/run_mfcc_baselines.py,reports/mfcc/EXP-010_mfcc.json,upper bound — recording context alone AUC ~0.93 (D-028),single split; best-of-14 selected on test folds (paper rule)
EXP-010,2026-10-09,done,RQ1,,,,342,283,59,,0,audio cohort (342; görev 4: 341),ana,"StratifiedKFold(5, shuffle, rs=42), participant-level",,44-d MFCC+spectral summary (features sha256 b94da5c9712e),22050.0,orig m4a → 22.05 kHz → librosa trim top_db=60,DecisionTree,none,,,,SMOTE (train fold),none,library defaults (paper),42,5,participant,roc_auc,0.5349,0.0489,0.4722,0.5986,0.4618,0.5678,0.5349,0.0489,,Colab CPU,98428f4d0b25066abd4fe86cac1760439958ab9f,scripts/run_mfcc_baselines.py,reports/mfcc/EXP-010_mfcc.json,upper bound — recording context alone AUC ~0.93 (D-028),single split; best-of-14 selected on test folds (paper rule)
EXP-010,2026-10-09,done,RQ1,,,,342,283,59,,0,audio cohort (342; görev 4: 341),ana,"StratifiedKFold(5, shuffle, rs=42), participant-level",,44-d MFCC+spectral summary (features sha256 b94da5c9712e),22050.0,orig m4a → 22.05 kHz → librosa trim top_db=60,LogisticRegression,none,,,,SMOTE (train fold),none,library defaults (paper),42,5,participant,roc_auc,0.686,0.0634,0.6098,0.7426,0.6222,0.7642,0.5889,0.0807,,Colab CPU,98428f4d0b25066abd4fe86cac1760439958ab9f,scripts/run_mfcc_baselines.py,reports/mfcc/EXP-010_mfcc.json,upper bound — recording context alone AUC ~0.93 (D-028),single split; best-of-14 selected on test folds (paper rule)
EXP-010,2026-10-09,done,RQ1,,,,342,283,59,,0,audio cohort (342; görev 4: 341),ana,"StratifiedKFold(5, shuffle, rs=42), participant-level",,44-d MFCC+spectral summary (features sha256 b94da5c9712e),22050.0,orig m4a → 22.05 kHz → librosa trim top_db=60,SVM,none,,,,SMOTE (train fold),none,library defaults (paper),42,5,participant,roc_auc,0.6664,0.1073,0.5951,0.7332,0.5125,0.7614,0.5535,0.0295,,Colab CPU,98428f4d0b25066abd4fe86cac1760439958ab9f,scripts/run_mfcc_baselines.py,reports/mfcc/EXP-010_mfcc.json,upper bound — recording context alone AUC ~0.93 (D-028),single split; best-of-14 selected on test folds (paper rule)
EXP-010,2026-10-09,done,RQ1,,,,342,283,59,,0,audio cohort (342; görev 4: 341),ana,"StratifiedKFold(5, shuffle, rs=42), participant-level",,44-d MFCC+spectral summary (features sha256 b94da5c9712e),22050.0,orig m4a → 22.05 kHz → librosa trim top_db=60,MLP,none,,,,SMOTE (train fold),none,library defaults (paper),42,5,participant,roc_auc,0.6614,0.0771,0.595,0.7366,0.548,0.7157,0.5546,0.0463,,Colab CPU,98428f4d0b25066abd4fe86cac1760439958ab9f,scripts/run_mfcc_baselines.py,reports/mfcc/EXP-010_mfcc.json,upper bound — recording context alone AUC ~0.93 (D-028),single split; best-of-14 selected on test folds (paper rule)
EXP-010,2026-10-09,done,RQ1,,,,342,283,59,,0,audio cohort (342; görev 4: 341),ana,"StratifiedKFold(5, shuffle, rs=42), participant-level",,44-d MFCC+spectral summary (features sha256 b94da5c9712e),22050.0,orig m4a → 22.05 kHz → librosa trim top_db=60,RandomForest,none,,,,SMOTE (train fold),none,library defaults (paper),42,5,participant,roc_auc,0.6052,0.1064,0.5309,0.6807,0.4859,0.7162,0.5075,0.0629,,Colab CPU,98428f4d0b25066abd4fe86cac1760439958ab9f,scripts/run_mfcc_baselines.py,reports/mfcc/EXP-010_mfcc.json,upper bound — recording context alone AUC ~0.93 (D-028),single split; best-of-14 selected on test folds (paper rule)
EXP-010,2026-10-09,done,RQ1,,,,342,283,59,,0,audio cohort (342; görev 4: 341),ana,"StratifiedKFold(5, shuffle, rs=42), participant-level",,44-d MFCC+spectral summary (features sha256 b94da5c9712e),22050.0,orig m4a → 22.05 kHz → librosa trim top_db=60,AdaBoost,none,,,,SMOTE (train fold),none,library defaults (paper),42,5,participant,roc_auc,0.6287,0.0814,0.5577,0.6995,0.511,0.7137,0.5168,0.0809,,Colab CPU,98428f4d0b25066abd4fe86cac1760439958ab9f,scripts/run_mfcc_baselines.py,reports/mfcc/EXP-010_mfcc.json,upper bound — recording context alone AUC ~0.93 (D-028),single split; best-of-14 selected on test folds (paper rule)
EXP-010,2026-10-09,done,RQ1,,,,342,283,59,,0,audio cohort (342; görev 4: 341),ana,"StratifiedKFold(5, shuffle, rs=42), participant-level",,44-d MFCC+spectral summary (features sha256 b94da5c9712e),22050.0,orig m4a → 22.05 kHz → librosa trim top_db=60,GradientBoosting,none,,,,SMOTE (train fold),none,library defaults (paper),42,5,participant,roc_auc,0.628,0.1304,0.5427,0.6985,0.4317,0.7368,0.5564,0.1089,,Colab CPU,98428f4d0b25066abd4fe86cac1760439958ab9f,scripts/run_mfcc_baselines.py,reports/mfcc/EXP-010_mfcc.json,upper bound — recording context alone AUC ~0.93 (D-028),single split; best-of-14 selected on test folds (paper rule)
EXP-010,2026-10-09,done,RQ1,,,,342,283,59,,0,audio cohort (342; görev 4: 341),ana,"StratifiedKFold(5, shuffle, rs=42), participant-level",,44-d MFCC+spectral summary (features sha256 b94da5c9712e),22050.0,orig m4a → 22.05 kHz → librosa trim top_db=60,CatBoost,none,,,,SMOTE (train fold),none,library defaults (paper),42,5,participant,roc_auc,0.6749,0.0933,0.5998,0.7401,0.5284,0.7294,0.5362,0.0497,,Colab CPU,98428f4d0b25066abd4fe86cac1760439958ab9f,scripts/run_mfcc_baselines.py,reports/mfcc/EXP-010_mfcc.json,upper bound — recording context alone AUC ~0.93 (D-028),single split; best-of-14 selected on test folds (paper rule)
EXP-010,2026-10-09,done,RQ1,,,,342,283,59,,0,audio cohort (342; görev 4: 341),ana,"StratifiedKFold(5, shuffle, rs=42), participant-level",,44-d MFCC+spectral summary (features sha256 b94da5c9712e),22050.0,orig m4a → 22.05 kHz → librosa trim top_db=60,XGBoost,none,,,,SMOTE (train fold),none,library defaults (paper),42,5,participant,roc_auc,0.6866,0.0877,0.6127,0.7473,0.5513,0.7462,0.5674,0.0691,,Colab CPU,98428f4d0b25066abd4fe86cac1760439958ab9f,scripts/run_mfcc_baselines.py,reports/mfcc/EXP-010_mfcc.json,upper bound — recording context alone AUC ~0.93 (D-028),single split; best-of-14 selected on test folds (paper rule)
EXP-010,2026-10-09,done,RQ1,,,,342,283,59,,0,audio cohort (342; görev 4: 341),ana,"StratifiedKFold(5, shuffle, rs=42), participant-level",,44-d MFCC+spectral summary (features sha256 b94da5c9712e),22050.0,orig m4a → 22.05 kHz → librosa trim top_db=60,VotingEnsemble,none,,,,SMOTE (train fold),none,library defaults (paper),42,5,participant,roc_auc,0.68,0.1086,0.6035,0.7423,0.5138,0.7577,0.5598,0.0731,,Colab CPU,98428f4d0b25066abd4fe86cac1760439958ab9f,scripts/run_mfcc_baselines.py,reports/mfcc/EXP-010_mfcc.json,upper bound — recording context alone AUC ~0.93 (D-028),single split; best-of-14 selected on test folds (paper rule)
EXP-010,2026-10-09,done,RQ1,,,,342,283,59,,0,audio cohort (342; görev 4: 341),ana,"StratifiedKFold(5, shuffle, rs=42), participant-level",,44-d MFCC+spectral summary (features sha256 b94da5c9712e),22050.0,orig m4a → 22.05 kHz → librosa trim top_db=60,StackingEnsemble,none,,,,SMOTE (train fold),none,library defaults (paper),42,5,participant,roc_auc,0.676,0.1011,0.5765,0.7294,0.5236,0.7545,0.5205,0.0454,,Colab CPU,98428f4d0b25066abd4fe86cac1760439958ab9f,scripts/run_mfcc_baselines.py,reports/mfcc/EXP-010_mfcc.json,upper bound — recording context alone AUC ~0.93 (D-028),single split; best-of-14 selected on test folds (paper rule)
EXP-010,2026-10-09,done,RQ1,,,,342,283,59,,0,audio cohort (342; görev 4: 341),ana,"StratifiedKFold(5, shuffle, rs=42), participant-level",,44-d MFCC+spectral summary (features sha256 b94da5c9712e),22050.0,orig m4a → 22.05 kHz → librosa trim top_db=60,WeightedVotingEnsemble,none,,,,SMOTE (train fold),none,library defaults (paper),42,5,participant,roc_auc,0.6791,0.108,0.604,0.7427,0.5138,0.7564,0.5615,0.0746,,Colab CPU,98428f4d0b25066abd4fe86cac1760439958ab9f,scripts/run_mfcc_baselines.py,reports/mfcc/EXP-010_mfcc.json,upper bound — recording context alone AUC ~0.93 (D-028),single split; best-of-14 selected on test folds (paper rule)
EXP-010,2026-10-09,done,RQ1,,,,341,282,59,,0,audio cohort (342; görev 4: 341),ordu,"StratifiedKFold(5, shuffle, rs=42), participant-level",,44-d MFCC+spectral summary (features sha256 b94da5c9712e),22050.0,orig m4a → 22.05 kHz → librosa trim top_db=60,NaiveBayes,none,,,,SMOTE (train fold),none,library defaults (paper),42,5,participant,roc_auc,0.5967,0.1285,0.4983,0.6673,0.4262,0.7269,0.5492,0.0982,,Colab CPU,98428f4d0b25066abd4fe86cac1760439958ab9f,scripts/run_mfcc_baselines.py,reports/mfcc/EXP-010_mfcc.json,upper bound — recording context alone AUC ~0.93 (D-028),single split; best-of-14 selected on test folds (paper rule)
EXP-010,2026-10-09,done,RQ1,,,,341,282,59,,0,audio cohort (342; görev 4: 341),ordu,"StratifiedKFold(5, shuffle, rs=42), participant-level",,44-d MFCC+spectral summary (features sha256 b94da5c9712e),22050.0,orig m4a → 22.05 kHz → librosa trim top_db=60,KNN,none,,,,SMOTE (train fold),none,library defaults (paper),42,5,participant,roc_auc,0.6068,0.0822,0.5304,0.6754,0.5024,0.7108,0.5788,0.0571,,Colab CPU,98428f4d0b25066abd4fe86cac1760439958ab9f,scripts/run_mfcc_baselines.py,reports/mfcc/EXP-010_mfcc.json,upper bound — recording context alone AUC ~0.93 (D-028),single split; best-of-14 selected on test folds (paper rule)
EXP-010,2026-10-09,done,RQ1,,,,341,282,59,,0,audio cohort (342; görev 4: 341),ordu,"StratifiedKFold(5, shuffle, rs=42), participant-level",,44-d MFCC+spectral summary (features sha256 b94da5c9712e),22050.0,orig m4a → 22.05 kHz → librosa trim top_db=60,DecisionTree,none,,,,SMOTE (train fold),none,library defaults (paper),42,5,participant,roc_auc,0.4961,0.063,0.4364,0.5562,0.4417,0.5691,0.4961,0.063,,Colab CPU,98428f4d0b25066abd4fe86cac1760439958ab9f,scripts/run_mfcc_baselines.py,reports/mfcc/EXP-010_mfcc.json,upper bound — recording context alone AUC ~0.93 (D-028),single split; best-of-14 selected on test folds (paper rule)
EXP-010,2026-10-09,done,RQ1,,,,341,282,59,,0,audio cohort (342; görev 4: 341),ordu,"StratifiedKFold(5, shuffle, rs=42), participant-level",,44-d MFCC+spectral summary (features sha256 b94da5c9712e),22050.0,orig m4a → 22.05 kHz → librosa trim top_db=60,LogisticRegression,none,,,,SMOTE (train fold),none,library defaults (paper),42,5,participant,roc_auc,0.6022,0.0549,0.5284,0.684,0.5168,0.6353,0.5829,0.0332,,Colab CPU,98428f4d0b25066abd4fe86cac1760439958ab9f,scripts/run_mfcc_baselines.py,reports/mfcc/EXP-010_mfcc.json,upper bound — recording context alone AUC ~0.93 (D-028),single split; best-of-14 selected on test folds (paper rule)
EXP-010,2026-10-09,done,RQ1,,,,341,282,59,,0,audio cohort (342; görev 4: 341),ordu,"StratifiedKFold(5, shuffle, rs=42), participant-level",,44-d MFCC+spectral summary (features sha256 b94da5c9712e),22050.0,orig m4a → 22.05 kHz → librosa trim top_db=60,SVM,none,,,,SMOTE (train fold),none,library defaults (paper),42,5,participant,roc_auc,0.6769,0.0781,0.6067,0.749,0.5934,0.7665,0.5305,0.0506,,Colab CPU,98428f4d0b25066abd4fe86cac1760439958ab9f,scripts/run_mfcc_baselines.py,reports/mfcc/EXP-010_mfcc.json,upper bound — recording context alone AUC ~0.93 (D-028),single split; best-of-14 selected on test folds (paper rule)
EXP-010,2026-10-09,done,RQ1,,,,341,282,59,,0,audio cohort (342; görev 4: 341),ordu,"StratifiedKFold(5, shuffle, rs=42), participant-level",,44-d MFCC+spectral summary (features sha256 b94da5c9712e),22050.0,orig m4a → 22.05 kHz → librosa trim top_db=60,MLP,none,,,,SMOTE (train fold),none,library defaults (paper),42,5,participant,roc_auc,0.611,0.0794,0.5424,0.687,0.5103,0.6891,0.5259,0.0648,,Colab CPU,98428f4d0b25066abd4fe86cac1760439958ab9f,scripts/run_mfcc_baselines.py,reports/mfcc/EXP-010_mfcc.json,upper bound — recording context alone AUC ~0.93 (D-028),single split; best-of-14 selected on test folds (paper rule)
EXP-010,2026-10-09,done,RQ1,,,,341,282,59,,0,audio cohort (342; görev 4: 341),ordu,"StratifiedKFold(5, shuffle, rs=42), participant-level",,44-d MFCC+spectral summary (features sha256 b94da5c9712e),22050.0,orig m4a → 22.05 kHz → librosa trim top_db=60,RandomForest,none,,,,SMOTE (train fold),none,library defaults (paper),42,5,participant,roc_auc,0.5725,0.0691,0.4904,0.641,0.4822,0.6401,0.4904,0.0365,,Colab CPU,98428f4d0b25066abd4fe86cac1760439958ab9f,scripts/run_mfcc_baselines.py,reports/mfcc/EXP-010_mfcc.json,upper bound — recording context alone AUC ~0.93 (D-028),single split; best-of-14 selected on test folds (paper rule)
EXP-010,2026-10-09,done,RQ1,,,,341,282,59,,0,audio cohort (342; görev 4: 341),ordu,"StratifiedKFold(5, shuffle, rs=42), participant-level",,44-d MFCC+spectral summary (features sha256 b94da5c9712e),22050.0,orig m4a → 22.05 kHz → librosa trim top_db=60,AdaBoost,none,,,,SMOTE (train fold),none,library defaults (paper),42,5,participant,roc_auc,0.6201,0.0845,0.5391,0.6926,0.5438,0.7455,0.5682,0.0934,,Colab CPU,98428f4d0b25066abd4fe86cac1760439958ab9f,scripts/run_mfcc_baselines.py,reports/mfcc/EXP-010_mfcc.json,upper bound — recording context alone AUC ~0.93 (D-028),single split; best-of-14 selected on test folds (paper rule)
EXP-010,2026-10-09,done,RQ1,,,,341,282,59,,0,audio cohort (342; görev 4: 341),ordu,"StratifiedKFold(5, shuffle, rs=42), participant-level",,44-d MFCC+spectral summary (features sha256 b94da5c9712e),22050.0,orig m4a → 22.05 kHz → librosa trim top_db=60,GradientBoosting,none,,,,SMOTE (train fold),none,library defaults (paper),42,5,participant,roc_auc,0.6232,0.0551,0.5358,0.6828,0.5568,0.6916,0.5601,0.0528,,Colab CPU,98428f4d0b25066abd4fe86cac1760439958ab9f,scripts/run_mfcc_baselines.py,reports/mfcc/EXP-010_mfcc.json,upper bound — recording context alone AUC ~0.93 (D-028),single split; best-of-14 selected on test folds (paper rule)
EXP-010,2026-10-09,done,RQ1,,,,341,282,59,,0,audio cohort (342; görev 4: 341),ordu,"StratifiedKFold(5, shuffle, rs=42), participant-level",,44-d MFCC+spectral summary (features sha256 b94da5c9712e),22050.0,orig m4a → 22.05 kHz → librosa trim top_db=60,CatBoost,none,,,,SMOTE (train fold),none,library defaults (paper),42,5,participant,roc_auc,0.6467,0.0218,0.5775,0.7155,0.6134,0.6618,0.5156,0.0404,,Colab CPU,98428f4d0b25066abd4fe86cac1760439958ab9f,scripts/run_mfcc_baselines.py,reports/mfcc/EXP-010_mfcc.json,upper bound — recording context alone AUC ~0.93 (D-028),single split; best-of-14 selected on test folds (paper rule)
EXP-010,2026-10-09,done,RQ1,,,,341,282,59,,0,audio cohort (342; görev 4: 341),ordu,"StratifiedKFold(5, shuffle, rs=42), participant-level",,44-d MFCC+spectral summary (features sha256 b94da5c9712e),22050.0,orig m4a → 22.05 kHz → librosa trim top_db=60,XGBoost,none,,,,SMOTE (train fold),none,library defaults (paper),42,5,participant,roc_auc,0.6682,0.0499,0.5965,0.7347,0.6048,0.7296,0.5129,0.06,,Colab CPU,98428f4d0b25066abd4fe86cac1760439958ab9f,scripts/run_mfcc_baselines.py,reports/mfcc/EXP-010_mfcc.json,upper bound — recording context alone AUC ~0.93 (D-028),single split; best-of-14 selected on test folds (paper rule)
EXP-010,2026-10-09,done,RQ1,,,,341,282,59,,0,audio cohort (342; görev 4: 341),ordu,"StratifiedKFold(5, shuffle, rs=42), participant-level",,44-d MFCC+spectral summary (features sha256 b94da5c9712e),22050.0,orig m4a → 22.05 kHz → librosa trim top_db=60,VotingEnsemble,none,,,,SMOTE (train fold),none,library defaults (paper),42,5,participant,roc_auc,0.6378,0.0502,0.5652,0.7053,0.5787,0.6869,0.5198,0.0678,,Colab CPU,98428f4d0b25066abd4fe86cac1760439958ab9f,scripts/run_mfcc_baselines.py,reports/mfcc/EXP-010_mfcc.json,upper bound — recording context alone AUC ~0.93 (D-028),single split; best-of-14 selected on test folds (paper rule)
EXP-010,2026-10-09,done,RQ1,,,,341,282,59,,0,audio cohort (342; görev 4: 341),ordu,"StratifiedKFold(5, shuffle, rs=42), participant-level",,44-d MFCC+spectral summary (features sha256 b94da5c9712e),22050.0,orig m4a → 22.05 kHz → librosa trim top_db=60,StackingEnsemble,none,,,,SMOTE (train fold),none,library defaults (paper),42,5,participant,roc_auc,0.6274,0.0461,0.541,0.6826,0.5704,0.6699,0.4992,0.0294,,Colab CPU,98428f4d0b25066abd4fe86cac1760439958ab9f,scripts/run_mfcc_baselines.py,reports/mfcc/EXP-010_mfcc.json,upper bound — recording context alone AUC ~0.93 (D-028),single split; best-of-14 selected on test folds (paper rule)
EXP-010,2026-10-09,done,RQ1,,,,341,282,59,,0,audio cohort (342; görev 4: 341),ordu,"StratifiedKFold(5, shuffle, rs=42), participant-level",,44-d MFCC+spectral summary (features sha256 b94da5c9712e),22050.0,orig m4a → 22.05 kHz → librosa trim top_db=60,WeightedVotingEnsemble,none,,,,SMOTE (train fold),none,library defaults (paper),42,5,participant,roc_auc,0.6381,0.0491,0.5651,0.705,0.579,0.6855,0.5198,0.0678,,Colab CPU,98428f4d0b25066abd4fe86cac1760439958ab9f,scripts/run_mfcc_baselines.py,reports/mfcc/EXP-010_mfcc.json,upper bound — recording context alone AUC ~0.93 (D-028),single split; best-of-14 selected on test folds (paper rule)
EXP-010,2026-10-09,done,RQ1,,,,342,283,59,,0,audio cohort (342; görev 4: 341),gelecek,"StratifiedKFold(5, shuffle, rs=42), participant-level",,44-d MFCC+spectral summary (features sha256 b94da5c9712e),22050.0,orig m4a → 22.05 kHz → librosa trim top_db=60,NaiveBayes,none,,,,SMOTE (train fold),none,library defaults (paper),42,5,participant,roc_auc,0.6038,0.1208,0.5133,0.681,0.4785,0.7581,0.5957,0.1194,,Colab CPU,98428f4d0b25066abd4fe86cac1760439958ab9f,scripts/run_mfcc_baselines.py,reports/mfcc/EXP-010_mfcc.json,upper bound — recording context alone AUC ~0.93 (D-028),single split; best-of-14 selected on test folds (paper rule)
EXP-010,2026-10-09,done,RQ1,,,,342,283,59,,0,audio cohort (342; görev 4: 341),gelecek,"StratifiedKFold(5, shuffle, rs=42), participant-level",,44-d MFCC+spectral summary (features sha256 b94da5c9712e),22050.0,orig m4a → 22.05 kHz → librosa trim top_db=60,KNN,none,,,,SMOTE (train fold),none,library defaults (paper),42,5,participant,roc_auc,0.5752,0.0543,0.4981,0.6447,0.5103,0.6447,0.5465,0.0529,,Colab CPU,98428f4d0b25066abd4fe86cac1760439958ab9f,scripts/run_mfcc_baselines.py,reports/mfcc/EXP-010_mfcc.json,upper bound — recording context alone AUC ~0.93 (D-028),single split; best-of-14 selected on test folds (paper rule)
EXP-010,2026-10-09,done,RQ1,,,,342,283,59,,0,audio cohort (342; görev 4: 341),gelecek,"StratifiedKFold(5, shuffle, rs=42), participant-level",,44-d MFCC+spectral summary (features sha256 b94da5c9712e),22050.0,orig m4a → 22.05 kHz → librosa trim top_db=60,DecisionTree,none,,,,SMOTE (train fold),none,library defaults (paper),42,5,participant,roc_auc,0.5689,0.1004,0.5023,0.6375,0.4797,0.7147,0.5689,0.1004,,Colab CPU,98428f4d0b25066abd4fe86cac1760439958ab9f,scripts/run_mfcc_baselines.py,reports/mfcc/EXP-010_mfcc.json,upper bound — recording context alone AUC ~0.93 (D-028),single split; best-of-14 selected on test folds (paper rule)
EXP-010,2026-10-09,done,RQ1,,,,342,283,59,,0,audio cohort (342; görev 4: 341),gelecek,"StratifiedKFold(5, shuffle, rs=42), participant-level",,44-d MFCC+spectral summary (features sha256 b94da5c9712e),22050.0,orig m4a → 22.05 kHz → librosa trim top_db=60,LogisticRegression,none,,,,SMOTE (train fold),none,library defaults (paper),42,5,participant,roc_auc,0.6435,0.118,0.5666,0.7253,0.5074,0.7379,0.609,0.0821,,Colab CPU,98428f4d0b25066abd4fe86cac1760439958ab9f,scripts/run_mfcc_baselines.py,reports/mfcc/EXP-010_mfcc.json,upper bound — recording context alone AUC ~0.93 (D-028),single split; best-of-14 selected on test folds (paper rule)
EXP-010,2026-10-09,done,RQ1,,,,342,283,59,,0,audio cohort (342; görev 4: 341),gelecek,"StratifiedKFold(5, shuffle, rs=42), participant-level",,44-d MFCC+spectral summary (features sha256 b94da5c9712e),22050.0,orig m4a → 22.05 kHz → librosa trim top_db=60,SVM,none,,,,SMOTE (train fold),none,library defaults (paper),42,5,participant,roc_auc,0.6679,0.0587,0.5883,0.7375,0.5904,0.7389,0.5462,0.0352,,Colab CPU,98428f4d0b25066abd4fe86cac1760439958ab9f,scripts/run_mfcc_baselines.py,reports/mfcc/EXP-010_mfcc.json,upper bound — recording context alone AUC ~0.93 (D-028),single split; best-of-14 selected on test folds (paper rule)
EXP-010,2026-10-09,done,RQ1,,,,342,283,59,,0,audio cohort (342; görev 4: 341),gelecek,"StratifiedKFold(5, shuffle, rs=42), participant-level",,44-d MFCC+spectral summary (features sha256 b94da5c9712e),22050.0,orig m4a → 22.05 kHz → librosa trim top_db=60,MLP,none,,,,SMOTE (train fold),none,library defaults (paper),42,5,participant,roc_auc,0.6861,0.0918,0.6226,0.7602,0.5729,0.761,0.548,0.0337,,Colab CPU,98428f4d0b25066abd4fe86cac1760439958ab9f,scripts/run_mfcc_baselines.py,reports/mfcc/EXP-010_mfcc.json,upper bound — recording context alone AUC ~0.93 (D-028),single split; best-of-14 selected on test folds (paper rule)
EXP-010,2026-10-09,done,RQ1,,,,342,283,59,,0,audio cohort (342; görev 4: 341),gelecek,"StratifiedKFold(5, shuffle, rs=42), participant-level",,44-d MFCC+spectral summary (features sha256 b94da5c9712e),22050.0,orig m4a → 22.05 kHz → librosa trim top_db=60,RandomForest,none,,,,SMOTE (train fold),none,library defaults (paper),42,5,participant,roc_auc,0.6819,0.0773,0.6107,0.7534,0.5659,0.7531,0.5291,0.0554,,Colab CPU,98428f4d0b25066abd4fe86cac1760439958ab9f,scripts/run_mfcc_baselines.py,reports/mfcc/EXP-010_mfcc.json,upper bound — recording context alone AUC ~0.93 (D-028),single split; best-of-14 selected on test folds (paper rule)
EXP-010,2026-10-09,done,RQ1,,,,342,283,59,,0,audio cohort (342; görev 4: 341),gelecek,"StratifiedKFold(5, shuffle, rs=42), participant-level",,44-d MFCC+spectral summary (features sha256 b94da5c9712e),22050.0,orig m4a → 22.05 kHz → librosa trim top_db=60,AdaBoost,none,,,,SMOTE (train fold),none,library defaults (paper),42,5,participant,roc_auc,0.6766,0.0764,0.5943,0.7454,0.5653,0.7556,0.6302,0.1037,,Colab CPU,98428f4d0b25066abd4fe86cac1760439958ab9f,scripts/run_mfcc_baselines.py,reports/mfcc/EXP-010_mfcc.json,upper bound — recording context alone AUC ~0.93 (D-028),single split; best-of-14 selected on test folds (paper rule)
EXP-010,2026-10-09,done,RQ1,,,,342,283,59,,0,audio cohort (342; görev 4: 341),gelecek,"StratifiedKFold(5, shuffle, rs=42), participant-level",,44-d MFCC+spectral summary (features sha256 b94da5c9712e),22050.0,orig m4a → 22.05 kHz → librosa trim top_db=60,GradientBoosting,none,,,,SMOTE (train fold),none,library defaults (paper),42,5,participant,roc_auc,0.6989,0.0914,0.6175,0.77,0.5605,0.7711,0.622,0.0877,,Colab CPU,98428f4d0b25066abd4fe86cac1760439958ab9f,scripts/run_mfcc_baselines.py,reports/mfcc/EXP-010_mfcc.json,upper bound — recording context alone AUC ~0.93 (D-028),single split; best-of-14 selected on test folds (paper rule)
EXP-010,2026-10-09,done,RQ1,,,,342,283,59,,0,audio cohort (342; görev 4: 341),gelecek,"StratifiedKFold(5, shuffle, rs=42), participant-level",,44-d MFCC+spectral summary (features sha256 b94da5c9712e),22050.0,orig m4a → 22.05 kHz → librosa trim top_db=60,CatBoost,none,,,,SMOTE (train fold),none,library defaults (paper),42,5,participant,roc_auc,0.7032,0.0931,0.6324,0.7713,0.5606,0.7766,0.5707,0.0817,,Colab CPU,98428f4d0b25066abd4fe86cac1760439958ab9f,scripts/run_mfcc_baselines.py,reports/mfcc/EXP-010_mfcc.json,upper bound — recording context alone AUC ~0.93 (D-028),single split; best-of-14 selected on test folds (paper rule)
EXP-010,2026-10-09,done,RQ1,,,,342,283,59,,0,audio cohort (342; görev 4: 341),gelecek,"StratifiedKFold(5, shuffle, rs=42), participant-level",,44-d MFCC+spectral summary (features sha256 b94da5c9712e),22050.0,orig m4a → 22.05 kHz → librosa trim top_db=60,XGBoost,none,,,,SMOTE (train fold),none,library defaults (paper),42,5,participant,roc_auc,0.715,0.0728,0.6435,0.7863,0.6204,0.7815,0.5821,0.0842,,Colab CPU,98428f4d0b25066abd4fe86cac1760439958ab9f,scripts/run_mfcc_baselines.py,reports/mfcc/EXP-010_mfcc.json,upper bound — recording context alone AUC ~0.93 (D-028),single split; best-of-14 selected on test folds (paper rule)
EXP-010,2026-10-09,done,RQ1,,,,342,283,59,,0,audio cohort (342; görev 4: 341),gelecek,"StratifiedKFold(5, shuffle, rs=42), participant-level",,44-d MFCC+spectral summary (features sha256 b94da5c9712e),22050.0,orig m4a → 22.05 kHz → librosa trim top_db=60,VotingEnsemble,none,,,,SMOTE (train fold),none,library defaults (paper),42,5,participant,roc_auc,0.7188,0.0756,0.6482,0.7848,0.6095,0.7937,0.5808,0.0779,,Colab CPU,98428f4d0b25066abd4fe86cac1760439958ab9f,scripts/run_mfcc_baselines.py,reports/mfcc/EXP-010_mfcc.json,upper bound — recording context alone AUC ~0.93 (D-028),single split; best-of-14 selected on test folds (paper rule)
EXP-010,2026-10-09,done,RQ1,,,,342,283,59,,0,audio cohort (342; görev 4: 341),gelecek,"StratifiedKFold(5, shuffle, rs=42), participant-level",,44-d MFCC+spectral summary (features sha256 b94da5c9712e),22050.0,orig m4a → 22.05 kHz → librosa trim top_db=60,StackingEnsemble,none,,,,SMOTE (train fold),none,library defaults (paper),42,5,participant,roc_auc,0.7191,0.0858,0.6256,0.775,0.5981,0.8052,0.5529,0.0476,,Colab CPU,98428f4d0b25066abd4fe86cac1760439958ab9f,scripts/run_mfcc_baselines.py,reports/mfcc/EXP-010_mfcc.json,upper bound — recording context alone AUC ~0.93 (D-028),single split; best-of-14 selected on test folds (paper rule)
EXP-010,2026-10-09,done,RQ1,,,,342,283,59,,0,audio cohort (342; görev 4: 341),gelecek,"StratifiedKFold(5, shuffle, rs=42), participant-level",,44-d MFCC+spectral summary (features sha256 b94da5c9712e),22050.0,orig m4a → 22.05 kHz → librosa trim top_db=60,WeightedVotingEnsemble,none,,,,SMOTE (train fold),none,library defaults (paper),42,5,participant,roc_auc,0.719,0.0758,0.6482,0.7845,0.6095,0.7939,0.579,0.0787,,Colab CPU,98428f4d0b25066abd4fe86cac1760439958ab9f,scripts/run_mfcc_baselines.py,reports/mfcc/EXP-010_mfcc.json,upper bound — recording context alone AUC ~0.93 (D-028),single split; best-of-14 selected on test folds (paper rule)
EXP-010,2026-10-09,done,RQ1,,,,342,283,59,,0,audio cohort (342; görev 4: 341),titiz,"StratifiedKFold(5, shuffle, rs=42), participant-level",,44-d MFCC+spectral summary (features sha256 b94da5c9712e),22050.0,orig m4a → 22.05 kHz → librosa trim top_db=60,NaiveBayes,none,,,,SMOTE (train fold),none,library defaults (paper),42,5,participant,roc_auc,0.6398,0.1324,0.5505,0.7089,0.4437,0.7397,0.5856,0.1095,,Colab CPU,98428f4d0b25066abd4fe86cac1760439958ab9f,scripts/run_mfcc_baselines.py,reports/mfcc/EXP-010_mfcc.json,upper bound — recording context alone AUC ~0.93 (D-028),single split; best-of-14 selected on test folds (paper rule)
EXP-010,2026-10-09,done,RQ1,,,,342,283,59,,0,audio cohort (342; görev 4: 341),titiz,"StratifiedKFold(5, shuffle, rs=42), participant-level",,44-d MFCC+spectral summary (features sha256 b94da5c9712e),22050.0,orig m4a → 22.05 kHz → librosa trim top_db=60,KNN,none,,,,SMOTE (train fold),none,library defaults (paper),42,5,participant,roc_auc,0.6337,0.111,0.5512,0.7132,0.5345,0.789,0.5458,0.1022,,Colab CPU,98428f4d0b25066abd4fe86cac1760439958ab9f,scripts/run_mfcc_baselines.py,reports/mfcc/EXP-010_mfcc.json,upper bound — recording context alone AUC ~0.93 (D-028),single split; best-of-14 selected on test folds (paper rule)
EXP-010,2026-10-09,done,RQ1,,,,342,283,59,,0,audio cohort (342; görev 4: 341),titiz,"StratifiedKFold(5, shuffle, rs=42), participant-level",,44-d MFCC+spectral summary (features sha256 b94da5c9712e),22050.0,orig m4a → 22.05 kHz → librosa trim top_db=60,DecisionTree,none,,,,SMOTE (train fold),none,library defaults (paper),42,5,participant,roc_auc,0.5412,0.0759,0.4809,0.6006,0.4484,0.6335,0.5412,0.0759,,Colab CPU,98428f4d0b25066abd4fe86cac1760439958ab9f,scripts/run_mfcc_baselines.py,reports/mfcc/EXP-010_mfcc.json,upper bound — recording context alone AUC ~0.93 (D-028),single split; best-of-14 selected on test folds (paper rule)
EXP-010,2026-10-09,done,RQ1,,,,342,283,59,,0,audio cohort (342; görev 4: 341),titiz,"StratifiedKFold(5, shuffle, rs=42), participant-level",,44-d MFCC+spectral summary (features sha256 b94da5c9712e),22050.0,orig m4a → 22.05 kHz → librosa trim top_db=60,LogisticRegression,none,,,,SMOTE (train fold),none,library defaults (paper),42,5,participant,roc_auc,0.6266,0.1134,0.5226,0.6977,0.4634,0.7228,0.6259,0.0719,,Colab CPU,98428f4d0b25066abd4fe86cac1760439958ab9f,scripts/run_mfcc_baselines.py,reports/mfcc/EXP-010_mfcc.json,upper bound — recording context alone AUC ~0.93 (D-028),single split; best-of-14 selected on test folds (paper rule)
EXP-010,2026-10-09,done,RQ1,,,,342,283,59,,0,audio cohort (342; görev 4: 341),titiz,"StratifiedKFold(5, shuffle, rs=42), participant-level",,44-d MFCC+spectral summary (features sha256 b94da5c9712e),22050.0,orig m4a → 22.05 kHz → librosa trim top_db=60,SVM,none,,,,SMOTE (train fold),none,library defaults (paper),42,5,participant,roc_auc,0.6733,0.1047,0.5892,0.7483,0.5764,0.8088,0.5841,0.0625,,Colab CPU,98428f4d0b25066abd4fe86cac1760439958ab9f,scripts/run_mfcc_baselines.py,reports/mfcc/EXP-010_mfcc.json,upper bound — recording context alone AUC ~0.93 (D-028),single split; best-of-14 selected on test folds (paper rule)
EXP-010,2026-10-09,done,RQ1,,,,342,283,59,,0,audio cohort (342; görev 4: 341),titiz,"StratifiedKFold(5, shuffle, rs=42), participant-level",,44-d MFCC+spectral summary (features sha256 b94da5c9712e),22050.0,orig m4a → 22.05 kHz → librosa trim top_db=60,MLP,none,,,,SMOTE (train fold),none,library defaults (paper),42,5,participant,roc_auc,0.6947,0.0745,0.603,0.7618,0.6023,0.7862,0.6371,0.0765,,Colab CPU,98428f4d0b25066abd4fe86cac1760439958ab9f,scripts/run_mfcc_baselines.py,reports/mfcc/EXP-010_mfcc.json,upper bound — recording context alone AUC ~0.93 (D-028),single split; best-of-14 selected on test folds (paper rule)
EXP-010,2026-10-09,done,RQ1,,,,342,283,59,,0,audio cohort (342; görev 4: 341),titiz,"StratifiedKFold(5, shuffle, rs=42), participant-level",,44-d MFCC+spectral summary (features sha256 b94da5c9712e),22050.0,orig m4a → 22.05 kHz → librosa trim top_db=60,RandomForest,none,,,,SMOTE (train fold),none,library defaults (paper),42,5,participant,roc_auc,0.6153,0.1149,0.5292,0.6952,0.4505,0.7264,0.5859,0.0751,,Colab CPU,98428f4d0b25066abd4fe86cac1760439958ab9f,scripts/run_mfcc_baselines.py,reports/mfcc/EXP-010_mfcc.json,upper bound — recording context alone AUC ~0.93 (D-028),single split; best-of-14 selected on test folds (paper rule)
EXP-010,2026-10-09,done,RQ1,,,,342,283,59,,0,audio cohort (342; görev 4: 341),titiz,"StratifiedKFold(5, shuffle, rs=42), participant-level",,44-d MFCC+spectral summary (features sha256 b94da5c9712e),22050.0,orig m4a → 22.05 kHz → librosa trim top_db=60,AdaBoost,none,,,,SMOTE (train fold),none,library defaults (paper),42,5,participant,roc_auc,0.6112,0.1105,0.5257,0.6929,0.4558,0.7162,0.5722,0.0907,,Colab CPU,98428f4d0b25066abd4fe86cac1760439958ab9f,scripts/run_mfcc_baselines.py,reports/mfcc/EXP-010_mfcc.json,upper bound — recording context alone AUC ~0.93 (D-028),single split; best-of-14 selected on test folds (paper rule)
EXP-010,2026-10-09,done,RQ1,,,,342,283,59,,0,audio cohort (342; görev 4: 341),titiz,"StratifiedKFold(5, shuffle, rs=42), participant-level",,44-d MFCC+spectral summary (features sha256 b94da5c9712e),22050.0,orig m4a → 22.05 kHz → librosa trim top_db=60,GradientBoosting,none,,,,SMOTE (train fold),none,library defaults (paper),42,5,participant,roc_auc,0.6436,0.1148,0.5505,0.7245,0.476,0.7462,0.5975,0.0614,,Colab CPU,98428f4d0b25066abd4fe86cac1760439958ab9f,scripts/run_mfcc_baselines.py,reports/mfcc/EXP-010_mfcc.json,upper bound — recording context alone AUC ~0.93 (D-028),single split; best-of-14 selected on test folds (paper rule)
EXP-010,2026-10-09,done,RQ1,,,,342,283,59,,0,audio cohort (342; görev 4: 341),titiz,"StratifiedKFold(5, shuffle, rs=42), participant-level",,44-d MFCC+spectral summary (features sha256 b94da5c9712e),22050.0,orig m4a → 22.05 kHz → librosa trim top_db=60,CatBoost,none,,,,SMOTE (train fold),none,library defaults (paper),42,5,participant,roc_auc,0.641,0.1142,0.5638,0.7239,0.4896,0.7686,0.5796,0.0637,,Colab CPU,98428f4d0b25066abd4fe86cac1760439958ab9f,scripts/run_mfcc_baselines.py,reports/mfcc/EXP-010_mfcc.json,upper bound — recording context alone AUC ~0.93 (D-028),single split; best-of-14 selected on test folds (paper rule)
EXP-010,2026-10-09,done,RQ1,,,,342,283,59,,0,audio cohort (342; görev 4: 341),titiz,"StratifiedKFold(5, shuffle, rs=42), participant-level",,44-d MFCC+spectral summary (features sha256 b94da5c9712e),22050.0,orig m4a → 22.05 kHz → librosa trim top_db=60,XGBoost,none,,,,SMOTE (train fold),none,library defaults (paper),42,5,participant,roc_auc,0.643,0.1272,0.553,0.7219,0.4822,0.7919,0.5881,0.0875,,Colab CPU,98428f4d0b25066abd4fe86cac1760439958ab9f,scripts/run_mfcc_baselines.py,reports/mfcc/EXP-010_mfcc.json,upper bound — recording context alone AUC ~0.93 (D-028),single split; best-of-14 selected on test folds (paper rule)
EXP-010,2026-10-09,done,RQ1,,,,342,283,59,,0,audio cohort (342; görev 4: 341),titiz,"StratifiedKFold(5, shuffle, rs=42), participant-level",,44-d MFCC+spectral summary (features sha256 b94da5c9712e),22050.0,orig m4a → 22.05 kHz → librosa trim top_db=60,VotingEnsemble,none,,,,SMOTE (train fold),none,library defaults (paper),42,5,participant,roc_auc,0.677,0.107,0.592,0.7538,0.5516,0.7927,0.5927,0.0657,,Colab CPU,98428f4d0b25066abd4fe86cac1760439958ab9f,scripts/run_mfcc_baselines.py,reports/mfcc/EXP-010_mfcc.json,upper bound — recording context alone AUC ~0.93 (D-028),single split; best-of-14 selected on test folds (paper rule)
EXP-010,2026-10-09,done,RQ1,,,,342,283,59,,0,audio cohort (342; görev 4: 341),titiz,"StratifiedKFold(5, shuffle, rs=42), participant-level",,44-d MFCC+spectral summary (features sha256 b94da5c9712e),22050.0,orig m4a → 22.05 kHz → librosa trim top_db=60,StackingEnsemble,none,,,,SMOTE (train fold),none,library defaults (paper),42,5,participant,roc_auc,0.6894,0.1067,0.5976,0.7618,0.5722,0.7963,0.5603,0.0855,,Colab CPU,98428f4d0b25066abd4fe86cac1760439958ab9f,scripts/run_mfcc_baselines.py,reports/mfcc/EXP-010_mfcc.json,upper bound — recording context alone AUC ~0.93 (D-028),single split; best-of-14 selected on test folds (paper rule)
EXP-010,2026-10-09,done,RQ1,,,,342,283,59,,0,audio cohort (342; görev 4: 341),titiz,"StratifiedKFold(5, shuffle, rs=42), participant-level",,44-d MFCC+spectral summary (features sha256 b94da5c9712e),22050.0,orig m4a → 22.05 kHz → librosa trim top_db=60,WeightedVotingEnsemble,none,,,,SMOTE (train fold),none,library defaults (paper),42,5,participant,roc_auc,0.6769,0.1051,0.5918,0.7543,0.5554,0.7898,0.5927,0.0657,,Colab CPU,98428f4d0b25066abd4fe86cac1760439958ab9f,scripts/run_mfcc_baselines.py,reports/mfcc/EXP-010_mfcc.json,upper bound — recording context alone AUC ~0.93 (D-028),single split; best-of-14 selected on test folds (paper rule)
EXP-010,2026-10-09,done,RQ1,,,,342,283,59,,0,audio cohort (342; görev 4: 341),ünlem,"StratifiedKFold(5, shuffle, rs=42), participant-level",,44-d MFCC+spectral summary (features sha256 b94da5c9712e),22050.0,orig m4a → 22.05 kHz → librosa trim top_db=60,NaiveBayes,none,,,,SMOTE (train fold),none,library defaults (paper),42,5,participant,roc_auc,0.5947,0.1038,0.5015,0.6642,0.4855,0.7009,0.5526,0.0566,,Colab CPU,98428f4d0b25066abd4fe86cac1760439958ab9f,scripts/run_mfcc_baselines.py,reports/mfcc/EXP-010_mfcc.json,upper bound — recording context alone AUC ~0.93 (D-028),single split; best-of-14 selected on test folds (paper rule)
EXP-010,2026-10-09,done,RQ1,,,,342,283,59,,0,audio cohort (342; görev 4: 341),ünlem,"StratifiedKFold(5, shuffle, rs=42), participant-level",,44-d MFCC+spectral summary (features sha256 b94da5c9712e),22050.0,orig m4a → 22.05 kHz → librosa trim top_db=60,KNN,none,,,,SMOTE (train fold),none,library defaults (paper),42,5,participant,roc_auc,0.6174,0.0948,0.537,0.6884,0.5156,0.7472,0.5835,0.0576,,Colab CPU,98428f4d0b25066abd4fe86cac1760439958ab9f,scripts/run_mfcc_baselines.py,reports/mfcc/EXP-010_mfcc.json,upper bound — recording context alone AUC ~0.93 (D-028),single split; best-of-14 selected on test folds (paper rule)
EXP-010,2026-10-09,done,RQ1,,,,342,283,59,,0,audio cohort (342; görev 4: 341),ünlem,"StratifiedKFold(5, shuffle, rs=42), participant-level",,44-d MFCC+spectral summary (features sha256 b94da5c9712e),22050.0,orig m4a → 22.05 kHz → librosa trim top_db=60,DecisionTree,none,,,,SMOTE (train fold),none,library defaults (paper),42,5,participant,roc_auc,0.5534,0.089,0.4915,0.6237,0.4731,0.6875,0.5534,0.089,,Colab CPU,98428f4d0b25066abd4fe86cac1760439958ab9f,scripts/run_mfcc_baselines.py,reports/mfcc/EXP-010_mfcc.json,upper bound — recording context alone AUC ~0.93 (D-028),single split; best-of-14 selected on test folds (paper rule)
EXP-010,2026-10-09,done,RQ1,,,,342,283,59,,0,audio cohort (342; görev 4: 341),ünlem,"StratifiedKFold(5, shuffle, rs=42), participant-level",,44-d MFCC+spectral summary (features sha256 b94da5c9712e),22050.0,orig m4a → 22.05 kHz → librosa trim top_db=60,LogisticRegression,none,,,,SMOTE (train fold),none,library defaults (paper),42,5,participant,roc_auc,0.6983,0.0537,0.6205,0.761,0.6185,0.7507,0.6223,0.0392,,Colab CPU,98428f4d0b25066abd4fe86cac1760439958ab9f,scripts/run_mfcc_baselines.py,reports/mfcc/EXP-010_mfcc.json,upper bound — recording context alone AUC ~0.93 (D-028),single split; best-of-14 selected on test folds (paper rule)
EXP-010,2026-10-09,done,RQ1,,,,342,283,59,,0,audio cohort (342; görev 4: 341),ünlem,"StratifiedKFold(5, shuffle, rs=42), participant-level",,44-d MFCC+spectral summary (features sha256 b94da5c9712e),22050.0,orig m4a → 22.05 kHz → librosa trim top_db=60,SVM,none,,,,SMOTE (train fold),none,library defaults (paper),42,5,participant,roc_auc,0.6882,0.0697,0.611,0.7542,0.634,0.7884,0.5468,0.0705,,Colab CPU,98428f4d0b25066abd4fe86cac1760439958ab9f,scripts/run_mfcc_baselines.py,reports/mfcc/EXP-010_mfcc.json,upper bound — recording context alone AUC ~0.93 (D-028),single split; best-of-14 selected on test folds (paper rule)
EXP-010,2026-10-09,done,RQ1,,,,342,283,59,,0,audio cohort (342; görev 4: 341),ünlem,"StratifiedKFold(5, shuffle, rs=42), participant-level",,44-d MFCC+spectral summary (features sha256 b94da5c9712e),22050.0,orig m4a → 22.05 kHz → librosa trim top_db=60,MLP,none,,,,SMOTE (train fold),none,library defaults (paper),42,5,participant,roc_auc,0.7231,0.0491,0.65,0.791,0.6641,0.7789,0.6011,0.0445,,Colab CPU,98428f4d0b25066abd4fe86cac1760439958ab9f,scripts/run_mfcc_baselines.py,reports/mfcc/EXP-010_mfcc.json,upper bound — recording context alone AUC ~0.93 (D-028),single split; best-of-14 selected on test folds (paper rule)
EXP-010,2026-10-09,done,RQ1,,,,342,283,59,,0,audio cohort (342; görev 4: 341),ünlem,"StratifiedKFold(5, shuffle, rs=42), participant-level",,44-d MFCC+spectral summary (features sha256 b94da5c9712e),22050.0,orig m4a → 22.05 kHz → librosa trim top_db=60,RandomForest,none,,,,SMOTE (train fold),none,library defaults (paper),42,5,participant,roc_auc,0.67,0.1071,0.6014,0.7358,0.5288,0.8008,0.5303,0.0203,,Colab CPU,98428f4d0b25066abd4fe86cac1760439958ab9f,scripts/run_mfcc_baselines.py,reports/mfcc/EXP-010_mfcc.json,upper bound — recording context alone AUC ~0.93 (D-028),single split; best-of-14 selected on test folds (paper rule)
EXP-010,2026-10-09,done,RQ1,,,,342,283,59,,0,audio cohort (342; görev 4: 341),ünlem,"StratifiedKFold(5, shuffle, rs=42), participant-level",,44-d MFCC+spectral summary (features sha256 b94da5c9712e),22050.0,orig m4a → 22.05 kHz → librosa trim top_db=60,AdaBoost,none,,,,SMOTE (train fold),none,library defaults (paper),42,5,participant,roc_auc,0.6542,0.0968,0.5972,0.7246,0.5082,0.7409,0.5747,0.0872,,Colab CPU,98428f4d0b25066abd4fe86cac1760439958ab9f,scripts/run_mfcc_baselines.py,reports/mfcc/EXP-010_mfcc.json,upper bound — recording context alone AUC ~0.93 (D-028),single split; best-of-14 selected on test folds (paper rule)
EXP-010,2026-10-09,done,RQ1,,,,342,283,59,,0,audio cohort (342; görev 4: 341),ünlem,"StratifiedKFold(5, shuffle, rs=42), participant-level",,44-d MFCC+spectral summary (features sha256 b94da5c9712e),22050.0,orig m4a → 22.05 kHz → librosa trim top_db=60,GradientBoosting,none,,,,SMOTE (train fold),none,library defaults (paper),42,5,participant,roc_auc,0.6579,0.0822,0.5828,0.7272,0.5502,0.7558,0.5588,0.0681,,Colab CPU,98428f4d0b25066abd4fe86cac1760439958ab9f,scripts/run_mfcc_baselines.py,reports/mfcc/EXP-010_mfcc.json,upper bound — recording context alone AUC ~0.93 (D-028),single split; best-of-14 selected on test folds (paper rule)
EXP-010,2026-10-09,done,RQ1,,,,342,283,59,,0,audio cohort (342; görev 4: 341),ünlem,"StratifiedKFold(5, shuffle, rs=42), participant-level",,44-d MFCC+spectral summary (features sha256 b94da5c9712e),22050.0,orig m4a → 22.05 kHz → librosa trim top_db=60,CatBoost,none,,,,SMOTE (train fold),none,library defaults (paper),42,5,participant,roc_auc,0.6846,0.1242,0.6245,0.7529,0.5054,0.8136,0.5328,0.044,,Colab CPU,98428f4d0b25066abd4fe86cac1760439958ab9f,scripts/run_mfcc_baselines.py,reports/mfcc/EXP-010_mfcc.json,upper bound — recording context alone AUC ~0.93 (D-028),single split; best-of-14 selected on test folds (paper rule)
EXP-010,2026-10-09,done,RQ1,,,,342,283,59,,0,audio cohort (342; görev 4: 341),ünlem,"StratifiedKFold(5, shuffle, rs=42), participant-level",,44-d MFCC+spectral summary (features sha256 b94da5c9712e),22050.0,orig m4a → 22.05 kHz → librosa trim top_db=60,XGBoost,none,,,,SMOTE (train fold),none,library defaults (paper),42,5,participant,roc_auc,0.6786,0.1239,0.6111,0.7514,0.5039,0.8125,0.5831,0.0905,,Colab CPU,98428f4d0b25066abd4fe86cac1760439958ab9f,scripts/run_mfcc_baselines.py,reports/mfcc/EXP-010_mfcc.json,upper bound — recording context alone AUC ~0.93 (D-028),single split; best-of-14 selected on test folds (paper rule)
EXP-010,2026-10-09,done,RQ1,,,,342,283,59,,0,audio cohort (342; görev 4: 341),ünlem,"StratifiedKFold(5, shuffle, rs=42), participant-level",,44-d MFCC+spectral summary (features sha256 b94da5c9712e),22050.0,orig m4a → 22.05 kHz → librosa trim top_db=60,VotingEnsemble,none,,,,SMOTE (train fold),none,library defaults (paper),42,5,participant,roc_auc,0.7067,0.0933,0.6443,0.7804,0.5763,0.8054,0.5495,0.0642,,Colab CPU,98428f4d0b25066abd4fe86cac1760439958ab9f,scripts/run_mfcc_baselines.py,reports/mfcc/EXP-010_mfcc.json,upper bound — recording context alone AUC ~0.93 (D-028),single split; best-of-14 selected on test folds (paper rule)
EXP-010,2026-10-09,done,RQ1,,,,342,283,59,,0,audio cohort (342; görev 4: 341),ünlem,"StratifiedKFold(5, shuffle, rs=42), participant-level",,44-d MFCC+spectral summary (features sha256 b94da5c9712e),22050.0,orig m4a → 22.05 kHz → librosa trim top_db=60,StackingEnsemble,none,,,,SMOTE (train fold),none,library defaults (paper),42,5,participant,roc_auc,0.7143,0.0828,0.6337,0.7789,0.5929,0.7946,0.5462,0.0322,,Colab CPU,98428f4d0b25066abd4fe86cac1760439958ab9f,scripts/run_mfcc_baselines.py,reports/mfcc/EXP-010_mfcc.json,upper bound — recording context alone AUC ~0.93 (D-028),single split; best-of-14 selected on test folds (paper rule)
EXP-010,2026-10-09,done,RQ1,,,,342,283,59,,0,audio cohort (342; görev 4: 341),ünlem,"StratifiedKFold(5, shuffle, rs=42), participant-level",,44-d MFCC+spectral summary (features sha256 b94da5c9712e),22050.0,orig m4a → 22.05 kHz → librosa trim top_db=60,WeightedVotingEnsemble,none,,,,SMOTE (train fold),none,library defaults (paper),42,5,participant,roc_auc,0.7067,0.0939,0.6442,0.7802,0.575,0.8044,0.5495,0.0642,,Colab CPU,98428f4d0b25066abd4fe86cac1760439958ab9f,scripts/run_mfcc_baselines.py,reports/mfcc/EXP-010_mfcc.json,upper bound — recording context alone AUC ~0.93 (D-028),single split; best-of-14 selected on test folds (paper rule)
EXP-011,2026-10-09,done,RQ1,,,,342,283,59,,0,audio cohort (342; görev 4: 341),aaa,"split files outer_r0..4 (D-029), participant-level",daa5f65b2ef8;42e394a3d4bf;e3975a671a9d;d7b2c8cdfad4;312d3ea0864e,44-d MFCC+spectral summary (features sha256 f2ac9f55ccf9),22050.0,harmonized cache 32k (D-030) → 22.05 kHz,LR,none,,,,class_weight / sample_weight balanced,none,"inner 5-fold grid, neg_log_loss (D-031)",42,25,participant,roc_auc,0.6471,0.0866,0.5746,0.7179,0.4847,0.8191,0.5754,0.0782,,Colab CPU,98428f4d0b25066abd4fe86cac1760439958ab9f,scripts/run_mfcc_baselines.py,reports/mfcc/EXP-011_mfcc.json,upper bound — recording context alone AUC ~0.93 (D-028),context confounding not yet evaluated (D-028)
EXP-011,2026-10-09,done,RQ1,,,,342,283,59,,0,audio cohort (342; görev 4: 341),aaa,"split files outer_r0..4 (D-029), participant-level",daa5f65b2ef8;42e394a3d4bf;e3975a671a9d;d7b2c8cdfad4;312d3ea0864e,44-d MFCC+spectral summary (features sha256 f2ac9f55ccf9),22050.0,harmonized cache 32k (D-030) → 22.05 kHz,SVM-RBF,none,,,,class_weight / sample_weight balanced,none,"inner 5-fold grid, neg_log_loss (D-031)",42,25,participant,roc_auc,0.5407,0.1329,0.5128,0.672,0.2783,0.7073,0.5,0.0,,Colab CPU,98428f4d0b25066abd4fe86cac1760439958ab9f,scripts/run_mfcc_baselines.py,reports/mfcc/EXP-011_mfcc.json,upper bound — recording context alone AUC ~0.93 (D-028),context confounding not yet evaluated (D-028)
EXP-011,2026-10-09,done,RQ1,,,,342,283,59,,0,audio cohort (342; görev 4: 341),aaa,"split files outer_r0..4 (D-029), participant-level",daa5f65b2ef8;42e394a3d4bf;e3975a671a9d;d7b2c8cdfad4;312d3ea0864e,44-d MFCC+spectral summary (features sha256 f2ac9f55ccf9),22050.0,harmonized cache 32k (D-030) → 22.05 kHz,GradientBoosting,none,,,,class_weight / sample_weight balanced,none,"inner 5-fold grid, neg_log_loss (D-031)",42,25,participant,roc_auc,0.5797,0.0833,0.5169,0.6696,0.4381,0.7183,0.5255,0.06,,Colab CPU,98428f4d0b25066abd4fe86cac1760439958ab9f,scripts/run_mfcc_baselines.py,reports/mfcc/EXP-011_mfcc.json,upper bound — recording context alone AUC ~0.93 (D-028),context confounding not yet evaluated (D-028)
EXP-011,2026-10-09,done,RQ1,,,,342,283,59,,0,audio cohort (342; görev 4: 341),araba,"split files outer_r0..4 (D-029), participant-level",daa5f65b2ef8;42e394a3d4bf;e3975a671a9d;d7b2c8cdfad4;312d3ea0864e,44-d MFCC+spectral summary (features sha256 f2ac9f55ccf9),22050.0,harmonized cache 32k (D-030) → 22.05 kHz,LR,none,,,,class_weight / sample_weight balanced,none,"inner 5-fold grid, neg_log_loss (D-031)",42,25,participant,roc_auc,0.6912,0.0586,0.6192,0.7699,0.598,0.808,0.6363,0.0509,,Colab CPU,98428f4d0b25066abd4fe86cac1760439958ab9f,scripts/run_mfcc_baselines.py,reports/mfcc/EXP-011_mfcc.json,upper bound — recording context alone AUC ~0.93 (D-028),context confounding not yet evaluated (D-028)
EXP-011,2026-10-09,done,RQ1,,,,342,283,59,,0,audio cohort (342; görev 4: 341),araba,"split files outer_r0..4 (D-029), participant-level",daa5f65b2ef8;42e394a3d4bf;e3975a671a9d;d7b2c8cdfad4;312d3ea0864e,44-d MFCC+spectral summary (features sha256 f2ac9f55ccf9),22050.0,harmonized cache 32k (D-030) → 22.05 kHz,SVM-RBF,none,,,,class_weight / sample_weight balanced,none,"inner 5-fold grid, neg_log_loss (D-031)",42,25,participant,roc_auc,0.6742,0.0652,0.6048,0.767,0.5737,0.7946,0.5121,0.0291,,Colab CPU,98428f4d0b25066abd4fe86cac1760439958ab9f,scripts/run_mfcc_baselines.py,reports/mfcc/EXP-011_mfcc.json,upper bound — recording context alone AUC ~0.93 (D-028),context confounding not yet evaluated (D-028)
EXP-011,2026-10-09,done,RQ1,,,,342,283,59,,0,audio cohort (342; görev 4: 341),araba,"split files outer_r0..4 (D-029), participant-level",daa5f65b2ef8;42e394a3d4bf;e3975a671a9d;d7b2c8cdfad4;312d3ea0864e,44-d MFCC+spectral summary (features sha256 f2ac9f55ccf9),22050.0,harmonized cache 32k (D-030) → 22.05 kHz,GradientBoosting,none,,,,class_weight / sample_weight balanced,none,"inner 5-fold grid, neg_log_loss (D-031)",42,25,participant,roc_auc,0.6381,0.0645,0.5792,0.7357,0.5575,0.7533,0.5829,0.0538,,Colab CPU,98428f4d0b25066abd4fe86cac1760439958ab9f,scripts/run_mfcc_baselines.py,reports/mfcc/EXP-011_mfcc.json,upper bound — recording context alone AUC ~0.93 (D-028),context confounding not yet evaluated (D-028)
EXP-011,2026-10-09,done,RQ1,,,,342,283,59,,0,audio cohort (342; görev 4: 341),ana,"split files outer_r0..4 (D-029), participant-level",daa5f65b2ef8;42e394a3d4bf;e3975a671a9d;d7b2c8cdfad4;312d3ea0864e,44-d MFCC+spectral summary (features sha256 f2ac9f55ccf9),22050.0,harmonized cache 32k (D-030) → 22.05 kHz,LR,none,,,,class_weight / sample_weight balanced,none,"inner 5-fold grid, neg_log_loss (D-031)",42,25,participant,roc_auc,0.6814,0.0747,0.6149,0.7621,0.5299,0.7967,0.6136,0.078,,Colab CPU,98428f4d0b25066abd4fe86cac1760439958ab9f,scripts/run_mfcc_baselines.py,reports/mfcc/EXP-011_mfcc.json,upper bound — recording context alone AUC ~0.93 (D-028),context confounding not yet evaluated (D-028)
EXP-011,2026-10-09,done,RQ1,,,,342,283,59,,0,audio cohort (342; görev 4: 341),ana,"split files outer_r0..4 (D-029), participant-level",daa5f65b2ef8;42e394a3d4bf;e3975a671a9d;d7b2c8cdfad4;312d3ea0864e,44-d MFCC+spectral summary (features sha256 f2ac9f55ccf9),22050.0,harmonized cache 32k (D-030) → 22.05 kHz,SVM-RBF,none,,,,class_weight / sample_weight balanced,none,"inner 5-fold grid, neg_log_loss (D-031)",42,25,participant,roc_auc,0.6662,0.0738,0.5976,0.757,0.5334,0.8039,0.5032,0.0165,,Colab CPU,98428f4d0b25066abd4fe86cac1760439958ab9f,scripts/run_mfcc_baselines.py,reports/mfcc/EXP-011_mfcc.json,upper bound — recording context alone AUC ~0.93 (D-028),context confounding not yet evaluated (D-028)
EXP-011,2026-10-09,done,RQ1,,,,342,283,59,,0,audio cohort (342; görev 4: 341),ana,"split files outer_r0..4 (D-029), participant-level",daa5f65b2ef8;42e394a3d4bf;e3975a671a9d;d7b2c8cdfad4;312d3ea0864e,44-d MFCC+spectral summary (features sha256 f2ac9f55ccf9),22050.0,harmonized cache 32k (D-030) → 22.05 kHz,GradientBoosting,none,,,,class_weight / sample_weight balanced,none,"inner 5-fold grid, neg_log_loss (D-031)",42,25,participant,roc_auc,0.6353,0.0443,0.5683,0.7223,0.5673,0.7186,0.5654,0.0489,,Colab CPU,98428f4d0b25066abd4fe86cac1760439958ab9f,scripts/run_mfcc_baselines.py,reports/mfcc/EXP-011_mfcc.json,upper bound — recording context alone AUC ~0.93 (D-028),context confounding not yet evaluated (D-028)
EXP-011,2026-10-09,done,RQ1,,,,341,282,59,,0,audio cohort (342; görev 4: 341),ordu,"split files outer_r0..4 (D-029), participant-level",daa5f65b2ef8;42e394a3d4bf;e3975a671a9d;d7b2c8cdfad4;312d3ea0864e,44-d MFCC+spectral summary (features sha256 f2ac9f55ccf9),22050.0,harmonized cache 32k (D-030) → 22.05 kHz,LR,none,,,,class_weight / sample_weight balanced,none,"inner 5-fold grid, neg_log_loss (D-031)",42,25,participant,roc_auc,0.6487,0.092,0.5757,0.723,0.4817,0.7815,0.5979,0.0916,,Colab CPU,98428f4d0b25066abd4fe86cac1760439958ab9f,scripts/run_mfcc_baselines.py,reports/mfcc/EXP-011_mfcc.json,upper bound — recording context alone AUC ~0.93 (D-028),context confounding not yet evaluated (D-028)
EXP-011,2026-10-09,done,RQ1,,,,341,282,59,,0,audio cohort (342; görev 4: 341),ordu,"split files outer_r0..4 (D-029), participant-level",daa5f65b2ef8;42e394a3d4bf;e3975a671a9d;d7b2c8cdfad4;312d3ea0864e,44-d MFCC+spectral summary (features sha256 f2ac9f55ccf9),22050.0,harmonized cache 32k (D-030) → 22.05 kHz,SVM-RBF,none,,,,class_weight / sample_weight balanced,none,"inner 5-fold grid, neg_log_loss (D-031)",42,25,participant,roc_auc,0.6645,0.0726,0.6128,0.751,0.5339,0.7717,0.4993,0.0107,,Colab CPU,98428f4d0b25066abd4fe86cac1760439958ab9f,scripts/run_mfcc_baselines.py,reports/mfcc/EXP-011_mfcc.json,upper bound — recording context alone AUC ~0.93 (D-028),context confounding not yet evaluated (D-028)
EXP-011,2026-10-09,done,RQ1,,,,341,282,59,,0,audio cohort (342; görev 4: 341),ordu,"split files outer_r0..4 (D-029), participant-level",daa5f65b2ef8;42e394a3d4bf;e3975a671a9d;d7b2c8cdfad4;312d3ea0864e,44-d MFCC+spectral summary (features sha256 f2ac9f55ccf9),22050.0,harmonized cache 32k (D-030) → 22.05 kHz,GradientBoosting,none,,,,class_weight / sample_weight balanced,none,"inner 5-fold grid, neg_log_loss (D-031)",42,25,participant,roc_auc,0.6142,0.0814,0.5589,0.7114,0.4735,0.7869,0.5341,0.0516,,Colab CPU,98428f4d0b25066abd4fe86cac1760439958ab9f,scripts/run_mfcc_baselines.py,reports/mfcc/EXP-011_mfcc.json,upper bound — recording context alone AUC ~0.93 (D-028),context confounding not yet evaluated (D-028)
EXP-011,2026-10-09,done,RQ1,,,,342,283,59,,0,audio cohort (342; görev 4: 341),gelecek,"split files outer_r0..4 (D-029), participant-level",daa5f65b2ef8;42e394a3d4bf;e3975a671a9d;d7b2c8cdfad4;312d3ea0864e,44-d MFCC+spectral summary (features sha256 f2ac9f55ccf9),22050.0,harmonized cache 32k (D-030) → 22.05 kHz,LR,none,,,,class_weight / sample_weight balanced,none,"inner 5-fold grid, neg_log_loss (D-031)",42,25,participant,roc_auc,0.6466,0.0662,0.5663,0.7196,0.553,0.769,0.6025,0.0698,,Colab CPU,98428f4d0b25066abd4fe86cac1760439958ab9f,scripts/run_mfcc_baselines.py,reports/mfcc/EXP-011_mfcc.json,upper bound — recording context alone AUC ~0.93 (D-028),context confounding not yet evaluated (D-028)
EXP-011,2026-10-09,done,RQ1,,,,342,283,59,,0,audio cohort (342; görev 4: 341),gelecek,"split files outer_r0..4 (D-029), participant-level",daa5f65b2ef8;42e394a3d4bf;e3975a671a9d;d7b2c8cdfad4;312d3ea0864e,44-d MFCC+spectral summary (features sha256 f2ac9f55ccf9),22050.0,harmonized cache 32k (D-030) → 22.05 kHz,SVM-RBF,none,,,,class_weight / sample_weight balanced,none,"inner 5-fold grid, neg_log_loss (D-031)",42,25,participant,roc_auc,0.6722,0.0608,0.5962,0.7413,0.5719,0.7673,0.501,0.0088,,Colab CPU,98428f4d0b25066abd4fe86cac1760439958ab9f,scripts/run_mfcc_baselines.py,reports/mfcc/EXP-011_mfcc.json,upper bound — recording context alone AUC ~0.93 (D-028),context confounding not yet evaluated (D-028)
EXP-011,2026-10-09,done,RQ1,,,,342,283,59,,0,audio cohort (342; görev 4: 341),gelecek,"split files outer_r0..4 (D-029), participant-level",daa5f65b2ef8;42e394a3d4bf;e3975a671a9d;d7b2c8cdfad4;312d3ea0864e,44-d MFCC+spectral summary (features sha256 f2ac9f55ccf9),22050.0,harmonized cache 32k (D-030) → 22.05 kHz,GradientBoosting,none,,,,class_weight / sample_weight balanced,none,"inner 5-fold grid, neg_log_loss (D-031)",42,25,participant,roc_auc,0.6239,0.0887,0.5552,0.7059,0.472,0.7637,0.554,0.0711,,Colab CPU,98428f4d0b25066abd4fe86cac1760439958ab9f,scripts/run_mfcc_baselines.py,reports/mfcc/EXP-011_mfcc.json,upper bound — recording context alone AUC ~0.93 (D-028),context confounding not yet evaluated (D-028)
EXP-011,2026-10-09,done,RQ1,,,,342,283,59,,0,audio cohort (342; görev 4: 341),titiz,"split files outer_r0..4 (D-029), participant-level",daa5f65b2ef8;42e394a3d4bf;e3975a671a9d;d7b2c8cdfad4;312d3ea0864e,44-d MFCC+spectral summary (features sha256 f2ac9f55ccf9),22050.0,harmonized cache 32k (D-030) → 22.05 kHz,LR,none,,,,class_weight / sample_weight balanced,none,"inner 5-fold grid, neg_log_loss (D-031)",42,25,participant,roc_auc,0.6652,0.0754,0.5881,0.7482,0.5459,0.7901,0.6205,0.073,,Colab CPU,98428f4d0b25066abd4fe86cac1760439958ab9f,scripts/run_mfcc_baselines.py,reports/mfcc/EXP-011_mfcc.json,upper bound — recording context alone AUC ~0.93 (D-028),context confounding not yet evaluated (D-028)
EXP-011,2026-10-09,done,RQ1,,,,342,283,59,,0,audio cohort (342; görev 4: 341),titiz,"split files outer_r0..4 (D-029), participant-level",daa5f65b2ef8;42e394a3d4bf;e3975a671a9d;d7b2c8cdfad4;312d3ea0864e,44-d MFCC+spectral summary (features sha256 f2ac9f55ccf9),22050.0,harmonized cache 32k (D-030) → 22.05 kHz,SVM-RBF,none,,,,class_weight / sample_weight balanced,none,"inner 5-fold grid, neg_log_loss (D-031)",42,25,participant,roc_auc,0.7024,0.0771,0.6317,0.7831,0.5555,0.8122,0.5225,0.0333,,Colab CPU,98428f4d0b25066abd4fe86cac1760439958ab9f,scripts/run_mfcc_baselines.py,reports/mfcc/EXP-011_mfcc.json,upper bound — recording context alone AUC ~0.93 (D-028),context confounding not yet evaluated (D-028)
EXP-011,2026-10-09,done,RQ1,,,,342,283,59,,0,audio cohort (342; görev 4: 341),titiz,"split files outer_r0..4 (D-029), participant-level",daa5f65b2ef8;42e394a3d4bf;e3975a671a9d;d7b2c8cdfad4;312d3ea0864e,44-d MFCC+spectral summary (features sha256 f2ac9f55ccf9),22050.0,harmonized cache 32k (D-030) → 22.05 kHz,GradientBoosting,none,,,,class_weight / sample_weight balanced,none,"inner 5-fold grid, neg_log_loss (D-031)",42,25,participant,roc_auc,0.6702,0.0773,0.6086,0.7606,0.5544,0.8025,0.5736,0.0648,,Colab CPU,98428f4d0b25066abd4fe86cac1760439958ab9f,scripts/run_mfcc_baselines.py,reports/mfcc/EXP-011_mfcc.json,upper bound — recording context alone AUC ~0.93 (D-028),context confounding not yet evaluated (D-028)
EXP-011,2026-10-09,done,RQ1,,,,342,283,59,,0,audio cohort (342; görev 4: 341),ünlem,"split files outer_r0..4 (D-029), participant-level",daa5f65b2ef8;42e394a3d4bf;e3975a671a9d;d7b2c8cdfad4;312d3ea0864e,44-d MFCC+spectral summary (features sha256 f2ac9f55ccf9),22050.0,harmonized cache 32k (D-030) → 22.05 kHz,LR,none,,,,class_weight / sample_weight balanced,none,"inner 5-fold grid, neg_log_loss (D-031)",42,25,participant,roc_auc,0.6393,0.065,0.5747,0.7122,0.5192,0.756,0.5944,0.0675,,Colab CPU,98428f4d0b25066abd4fe86cac1760439958ab9f,scripts/run_mfcc_baselines.py,reports/mfcc/EXP-011_mfcc.json,upper bound — recording context alone AUC ~0.93 (D-028),context confounding not yet evaluated (D-028)
EXP-011,2026-10-09,done,RQ1,,,,342,283,59,,0,audio cohort (342; görev 4: 341),ünlem,"split files outer_r0..4 (D-029), participant-level",daa5f65b2ef8;42e394a3d4bf;e3975a671a9d;d7b2c8cdfad4;312d3ea0864e,44-d MFCC+spectral summary (features sha256 f2ac9f55ccf9),22050.0,harmonized cache 32k (D-030) → 22.05 kHz,SVM-RBF,none,,,,class_weight / sample_weight balanced,none,"inner 5-fold grid, neg_log_loss (D-031)",42,25,participant,roc_auc,0.6788,0.083,0.6212,0.7505,0.5143,0.7945,0.4981,0.0099,,Colab CPU,98428f4d0b25066abd4fe86cac1760439958ab9f,scripts/run_mfcc_baselines.py,reports/mfcc/EXP-011_mfcc.json,upper bound — recording context alone AUC ~0.93 (D-028),context confounding not yet evaluated (D-028)
EXP-011,2026-10-09,done,RQ1,,,,342,283,59,,0,audio cohort (342; görev 4: 341),ünlem,"split files outer_r0..4 (D-029), participant-level",daa5f65b2ef8;42e394a3d4bf;e3975a671a9d;d7b2c8cdfad4;312d3ea0864e,44-d MFCC+spectral summary (features sha256 f2ac9f55ccf9),22050.0,harmonized cache 32k (D-030) → 22.05 kHz,GradientBoosting,none,,,,class_weight / sample_weight balanced,none,"inner 5-fold grid, neg_log_loss (D-031)",42,25,participant,roc_auc,0.6111,0.0791,0.5551,0.7099,0.4991,0.7415,0.5106,0.0496,,Colab CPU,98428f4d0b25066abd4fe86cac1760439958ab9f,scripts/run_mfcc_baselines.py,reports/mfcc/EXP-011_mfcc.json,upper bound — recording context alone AUC ~0.93 (D-028),context confounding not yet evaluated (D-028)
EXP-011,2026-10-09,done,RQ1,,,,340,282,58,,0,audio cohort (342; görev 4: 341),reference,"split files outer_r0..4 (D-029), participant-level",daa5f65b2ef8;42e394a3d4bf;e3975a671a9d;d7b2c8cdfad4;312d3ea0864e,none (context/age),,,context (hour+hour²+date),none,,,,class_weight / sample_weight balanced,none,"inner 5-fold grid, neg_log_loss (D-031)",42,25,participant,roc_auc,0.9336,0.0219,0.8995,0.958,0.8937,0.972,0.8392,0.0416,,Colab CPU,98428f4d0b25066abd4fe86cac1760439958ab9f,scripts/run_mfcc_baselines.py,reports/mfcc/EXP-011_mfcc.json,reference line (no audio),context confounding not yet evaluated (D-028)
EXP-011,2026-10-09,done,RQ1,,,,340,283,57,,0,audio cohort (342; görev 4: 341),reference,"split files outer_r0..4 (D-029), participant-level",daa5f65b2ef8;42e394a3d4bf;e3975a671a9d;d7b2c8cdfad4;312d3ea0864e,none (context/age),,,age,none,,,,class_weight / sample_weight balanced,none,"inner 5-fold grid, neg_log_loss (D-031)",42,25,participant,roc_auc,0.6823,0.046,0.6009,0.7497,0.6155,0.7566,0.6203,0.0414,,Colab CPU,98428f4d0b25066abd4fe86cac1760439958ab9f,scripts/run_mfcc_baselines.py,reports/mfcc/EXP-011_mfcc.json,reference line (no audio),context confounding not yet evaluated (D-028)
EXP-011,2026-10-09,done,RQ1,,,,339,282,57,,0,audio cohort (342; görev 4: 341),reference,"split files outer_r0..4 (D-029), participant-level",daa5f65b2ef8;42e394a3d4bf;e3975a671a9d;d7b2c8cdfad4;312d3ea0864e,none (context/age),,,age+context,none,,,,class_weight / sample_weight balanced,none,"inner 5-fold grid, neg_log_loss (D-031)",42,25,participant,roc_auc,0.9355,0.0222,0.8997,0.9626,0.8939,0.9726,0.8654,0.0385,,Colab CPU,98428f4d0b25066abd4fe86cac1760439958ab9f,scripts/run_mfcc_baselines.py,reports/mfcc/EXP-011_mfcc.json,reference line (no audio),context confounding not yet evaluated (D-028)
EXP-011,2026-10-09,done,RQ1,,,,342,283,59,,0,audio cohort (342; görev 4: 341),fusion (7 görev),"split files outer_r0..4 (D-029), participant-level",daa5f65b2ef8;42e394a3d4bf;e3975a671a9d;d7b2c8cdfad4;312d3ea0864e,44-d MFCC+spectral summary (features sha256 f2ac9f55ccf9),22050.0,harmonized cache 32k (D-030) → 22.05 kHz,GradientBoosting,none,,,,class_weight / sample_weight balanced,none,"inner 5-fold grid, neg_log_loss (D-031)",42,25,participant,roc_auc,0.7278,0.0683,0.6754,0.8084,0.609,0.855,0.5178,0.0336,,Colab CPU,98428f4d0b25066abd4fe86cac1760439958ab9f,scripts/run_mfcc_baselines.py,reports/mfcc/EXP-011_mfcc.json,upper bound — recording context alone AUC ~0.93 (D-028),context confounding not yet evaluated (D-028)
EXP-011,2026-10-09,done,RQ1,,,,342,283,59,,0,audio cohort (342; görev 4: 341),fusion (7 görev),"split files outer_r0..4 (D-029), participant-level",daa5f65b2ef8;42e394a3d4bf;e3975a671a9d;d7b2c8cdfad4;312d3ea0864e,44-d MFCC+spectral summary (features sha256 f2ac9f55ccf9),22050.0,harmonized cache 32k (D-030) → 22.05 kHz,LR,none,,,,class_weight / sample_weight balanced,none,"inner 5-fold grid, neg_log_loss (D-031)",42,25,participant,roc_auc,0.771,0.0777,0.7131,0.8362,0.6105,0.8871,0.667,0.0664,,Colab CPU,98428f4d0b25066abd4fe86cac1760439958ab9f,scripts/run_mfcc_baselines.py,reports/mfcc/EXP-011_mfcc.json,upper bound — recording context alone AUC ~0.93 (D-028),context confounding not yet evaluated (D-028)
EXP-011,2026-10-09,done,RQ1,,,,342,283,59,,0,audio cohort (342; görev 4: 341),fusion (7 görev),"split files outer_r0..4 (D-029), participant-level",daa5f65b2ef8;42e394a3d4bf;e3975a671a9d;d7b2c8cdfad4;312d3ea0864e,44-d MFCC+spectral summary (features sha256 f2ac9f55ccf9),22050.0,harmonized cache 32k (D-030) → 22.05 kHz,SVM-RBF,none,,,,class_weight / sample_weight balanced,none,"inner 5-fold grid, neg_log_loss (D-031)",42,25,participant,roc_auc,0.7734,0.0611,0.7208,0.8429,0.6604,0.8724,0.5,0.0,,Colab CPU,98428f4d0b25066abd4fe86cac1760439958ab9f,scripts/run_mfcc_baselines.py,reports/mfcc/EXP-011_mfcc.json,upper bound — recording context alone AUC ~0.93 (D-028),context confounding not yet evaluated (D-028)
EXP-016,2026-10-10,done,RQ1/RQ3,,,,342,283,59,,0,audio cohort (342; görev 4: 341),aaa,"split files outer_r0..4 (D-029), participant-level","daa5f65b2ef805ba,42e394a3d4bf12ca,e3975a671a9d68af,d7b2c8cdfad41375,312d3ea0864e9b31",frozen embedding beats,,harmonized cache (D-030); 4 s/2 s windows end-aligned; short-recording policy: zeropad,beats,beats,all (frozen),LR (inner-CV C),,class_weight balanced,none,"C grid 1e-5..1e2, inner 5-fold neg_log_loss; threshold inner OOF (D-033)",42,25,participant,roc_auc,0.7427,0.072,0.6881,0.8189,0.6423,0.8893,0.6786,0.0738,,Colab CPU (probe),d7295573b6af2837412430b94409be21e6ea526e,scripts/run_probes.py,reports/frozen/EXP-016_frozen.json,upper bound — recording context not evaluated (D-028),frozen linear probe; context confounding deferred (D-028)
EXP-016,2026-10-10,done,RQ1/RQ3,,,,342,283,59,,0,audio cohort (342; görev 4: 341),ana,"split files outer_r0..4 (D-029), participant-level","daa5f65b2ef805ba,42e394a3d4bf12ca,e3975a671a9d68af,d7b2c8cdfad41375,312d3ea0864e9b31",frozen embedding beats,,harmonized cache (D-030); 4 s/2 s windows end-aligned; short-recording policy: zeropad,beats,beats,all (frozen),LR (inner-CV C),,class_weight balanced,none,"C grid 1e-5..1e2, inner 5-fold neg_log_loss; threshold inner OOF (D-033)",42,25,participant,roc_auc,0.8149,0.0734,0.757,0.8709,0.6756,0.9293,0.7057,0.0912,,Colab CPU (probe),d7295573b6af2837412430b94409be21e6ea526e,scripts/run_probes.py,reports/frozen/EXP-016_frozen.json,upper bound — recording context not evaluated (D-028),frozen linear probe; context confounding deferred (D-028)
EXP-016,2026-10-10,done,RQ1/RQ3,,,,342,283,59,,0,audio cohort (342; görev 4: 341),araba,"split files outer_r0..4 (D-029), participant-level","daa5f65b2ef805ba,42e394a3d4bf12ca,e3975a671a9d68af,d7b2c8cdfad41375,312d3ea0864e9b31",frozen embedding beats,,harmonized cache (D-030); 4 s/2 s windows end-aligned; short-recording policy: zeropad,beats,beats,all (frozen),LR (inner-CV C),,class_weight balanced,none,"C grid 1e-5..1e2, inner 5-fold neg_log_loss; threshold inner OOF (D-033)",42,25,participant,roc_auc,0.8163,0.0577,0.7589,0.8767,0.7134,0.9076,0.7352,0.0636,,Colab CPU (probe),d7295573b6af2837412430b94409be21e6ea526e,scripts/run_probes.py,reports/frozen/EXP-016_frozen.json,upper bound — recording context not evaluated (D-028),frozen linear probe; context confounding deferred (D-028)
EXP-016,2026-10-10,done,RQ1/RQ3,,,,342,283,59,,0,audio cohort (342; görev 4: 341),fusion,"split files outer_r0..4 (D-029), participant-level","daa5f65b2ef805ba,42e394a3d4bf12ca,e3975a671a9d68af,d7b2c8cdfad41375,312d3ea0864e9b31",frozen embedding beats,,harmonized cache (D-030); 4 s/2 s windows end-aligned; short-recording policy: zeropad,beats,beats,all (frozen),LR (inner-CV C),,class_weight balanced,none,"C grid 1e-5..1e2, inner 5-fold neg_log_loss; threshold inner OOF (D-033)",42,25,participant,roc_auc,0.9205,0.0463,0.8856,0.9525,0.8254,0.9835,0.8109,0.0766,,Colab CPU (probe),d7295573b6af2837412430b94409be21e6ea526e,scripts/run_probes.py,reports/frozen/EXP-016_frozen.json,upper bound — recording context not evaluated (D-028),frozen linear probe; context confounding deferred (D-028)
EXP-016,2026-10-10,done,RQ1/RQ3,,,,342,283,59,,0,audio cohort (342; görev 4: 341),gelecek,"split files outer_r0..4 (D-029), participant-level","daa5f65b2ef805ba,42e394a3d4bf12ca,e3975a671a9d68af,d7b2c8cdfad41375,312d3ea0864e9b31",frozen embedding beats,,harmonized cache (D-030); 4 s/2 s windows end-aligned; short-recording policy: zeropad,beats,beats,all (frozen),LR (inner-CV C),,class_weight balanced,none,"C grid 1e-5..1e2, inner 5-fold neg_log_loss; threshold inner OOF (D-033)",42,25,participant,roc_auc,0.7974,0.0696,0.7322,0.8639,0.6696,0.9153,0.7139,0.0667,,Colab CPU (probe),d7295573b6af2837412430b94409be21e6ea526e,scripts/run_probes.py,reports/frozen/EXP-016_frozen.json,upper bound — recording context not evaluated (D-028),frozen linear probe; context confounding deferred (D-028)
EXP-016,2026-10-10,done,RQ1/RQ3,,,,341,282,59,,0,audio cohort (342; görev 4: 341),ordu,"split files outer_r0..4 (D-029), participant-level","daa5f65b2ef805ba,42e394a3d4bf12ca,e3975a671a9d68af,d7b2c8cdfad41375,312d3ea0864e9b31",frozen embedding beats,,harmonized cache (D-030); 4 s/2 s windows end-aligned; short-recording policy: zeropad,beats,beats,all (frozen),LR (inner-CV C),,class_weight balanced,none,"C grid 1e-5..1e2, inner 5-fold neg_log_loss; threshold inner OOF (D-033)",42,25,participant,roc_auc,0.8557,0.0645,0.7973,0.908,0.7392,0.9677,0.7598,0.0774,,Colab CPU (probe),d7295573b6af2837412430b94409be21e6ea526e,scripts/run_probes.py,reports/frozen/EXP-016_frozen.json,upper bound — recording context not evaluated (D-028),frozen linear probe; context confounding deferred (D-028)
EXP-016,2026-10-10,done,RQ1/RQ3,,,,342,283,59,,0,audio cohort (342; görev 4: 341),titiz,"split files outer_r0..4 (D-029), participant-level","daa5f65b2ef805ba,42e394a3d4bf12ca,e3975a671a9d68af,d7b2c8cdfad41375,312d3ea0864e9b31",frozen embedding beats,,harmonized cache (D-030); 4 s/2 s windows end-aligned; short-recording policy: zeropad,beats,beats,all (frozen),LR (inner-CV C),,class_weight balanced,none,"C grid 1e-5..1e2, inner 5-fold neg_log_loss; threshold inner OOF (D-033)",42,25,participant,roc_auc,0.8955,0.0454,0.8596,0.9387,0.8203,0.9706,0.7966,0.0643,,Colab CPU (probe),d7295573b6af2837412430b94409be21e6ea526e,scripts/run_probes.py,reports/frozen/EXP-016_frozen.json,upper bound — recording context not evaluated (D-028),frozen linear probe; context confounding deferred (D-028)
EXP-016,2026-10-10,done,RQ1/RQ3,,,,342,283,59,,0,audio cohort (342; görev 4: 341),ünlem,"split files outer_r0..4 (D-029), participant-level","daa5f65b2ef805ba,42e394a3d4bf12ca,e3975a671a9d68af,d7b2c8cdfad41375,312d3ea0864e9b31",frozen embedding beats,,harmonized cache (D-030); 4 s/2 s windows end-aligned; short-recording policy: zeropad,beats,beats,all (frozen),LR (inner-CV C),,class_weight balanced,none,"C grid 1e-5..1e2, inner 5-fold neg_log_loss; threshold inner OOF (D-033)",42,25,participant,roc_auc,0.8444,0.0632,0.7834,0.9024,0.7446,0.9485,0.7672,0.0765,,Colab CPU (probe),d7295573b6af2837412430b94409be21e6ea526e,scripts/run_probes.py,reports/frozen/EXP-016_frozen.json,upper bound — recording context not evaluated (D-028),frozen linear probe; context confounding deferred (D-028)
EXP-016,2026-10-10,done,RQ1/RQ3,,,,342,283,59,,0,audio cohort (342; görev 4: 341),aaa,"split files outer_r0..4 (D-029), participant-level","daa5f65b2ef805ba,42e394a3d4bf12ca,e3975a671a9d68af,d7b2c8cdfad41375,312d3ea0864e9b31",frozen embedding cnn10,,harmonized cache (D-030); 4 s/2 s windows end-aligned; short-recording policy: zeropad,cnn10,cnn10,all (frozen),LR (inner-CV C),,class_weight balanced,none,"C grid 1e-5..1e2, inner 5-fold neg_log_loss; threshold inner OOF (D-033)",42,25,participant,roc_auc,0.7313,0.0739,0.6659,0.8062,0.613,0.857,0.6653,0.0664,,Colab CPU (probe),d7295573b6af2837412430b94409be21e6ea526e,scripts/run_probes.py,reports/frozen/EXP-016_frozen.json,upper bound — recording context not evaluated (D-028),frozen linear probe; context confounding deferred (D-028)
EXP-016,2026-10-10,done,RQ1/RQ3,,,,342,283,59,,0,audio cohort (342; görev 4: 341),ana,"split files outer_r0..4 (D-029), participant-level","daa5f65b2ef805ba,42e394a3d4bf12ca,e3975a671a9d68af,d7b2c8cdfad41375,312d3ea0864e9b31",frozen embedding cnn10,,harmonized cache (D-030); 4 s/2 s windows end-aligned; short-recording policy: zeropad,cnn10,cnn10,all (frozen),LR (inner-CV C),,class_weight balanced,none,"C grid 1e-5..1e2, inner 5-fold neg_log_loss; threshold inner OOF (D-033)",42,25,participant,roc_auc,0.7624,0.0593,0.6894,0.8292,0.6366,0.8406,0.6753,0.0636,,Colab CPU (probe),d7295573b6af2837412430b94409be21e6ea526e,scripts/run_probes.py,reports/frozen/EXP-016_frozen.json,upper bound — recording context not evaluated (D-028),frozen linear probe; context confounding deferred (D-028)
EXP-016,2026-10-10,done,RQ1/RQ3,,,,342,283,59,,0,audio cohort (342; görev 4: 341),araba,"split files outer_r0..4 (D-029), participant-level","daa5f65b2ef805ba,42e394a3d4bf12ca,e3975a671a9d68af,d7b2c8cdfad41375,312d3ea0864e9b31",frozen embedding cnn10,,harmonized cache (D-030); 4 s/2 s windows end-aligned; short-recording policy: zeropad,cnn10,cnn10,all (frozen),LR (inner-CV C),,class_weight balanced,none,"C grid 1e-5..1e2, inner 5-fold neg_log_loss; threshold inner OOF (D-033)",42,25,participant,roc_auc,0.7567,0.0522,0.6939,0.8237,0.6729,0.8555,0.6845,0.0668,,Colab CPU (probe),d7295573b6af2837412430b94409be21e6ea526e,scripts/run_probes.py,reports/frozen/EXP-016_frozen.json,upper bound — recording context not evaluated (D-028),frozen linear probe; context confounding deferred (D-028)
EXP-016,2026-10-10,done,RQ1/RQ3,,,,342,283,59,,0,audio cohort (342; görev 4: 341),fusion,"split files outer_r0..4 (D-029), participant-level","daa5f65b2ef805ba,42e394a3d4bf12ca,e3975a671a9d68af,d7b2c8cdfad41375,312d3ea0864e9b31",frozen embedding cnn10,,harmonized cache (D-030); 4 s/2 s windows end-aligned; short-recording policy: zeropad,cnn10,cnn10,all (frozen),LR (inner-CV C),,class_weight balanced,none,"C grid 1e-5..1e2, inner 5-fold neg_log_loss; threshold inner OOF (D-033)",42,25,participant,roc_auc,0.8548,0.047,0.807,0.903,0.7676,0.9338,0.7571,0.0523,,Colab CPU (probe),d7295573b6af2837412430b94409be21e6ea526e,scripts/run_probes.py,reports/frozen/EXP-016_frozen.json,upper bound — recording context not evaluated (D-028),frozen linear probe; context confounding deferred (D-028)
EXP-016,2026-10-10,done,RQ1/RQ3,,,,342,283,59,,0,audio cohort (342; görev 4: 341),gelecek,"split files outer_r0..4 (D-029), participant-level","daa5f65b2ef805ba,42e394a3d4bf12ca,e3975a671a9d68af,d7b2c8cdfad41375,312d3ea0864e9b31",frozen embedding cnn10,,harmonized cache (D-030); 4 s/2 s windows end-aligned; short-recording policy: zeropad,cnn10,cnn10,all (frozen),LR (inner-CV C),,class_weight balanced,none,"C grid 1e-5..1e2, inner 5-fold neg_log_loss; threshold inner OOF (D-033)",42,25,participant,roc_auc,0.7252,0.0761,0.6576,0.8003,0.5846,0.8432,0.6507,0.0715,,Colab CPU (probe),d7295573b6af2837412430b94409be21e6ea526e,scripts/run_probes.py,reports/frozen/EXP-016_frozen.json,upper bound — recording context not evaluated (D-028),frozen linear probe; context confounding deferred (D-028)
EXP-016,2026-10-10,done,RQ1/RQ3,,,,341,282,59,,0,audio cohort (342; görev 4: 341),ordu,"split files outer_r0..4 (D-029), participant-level","daa5f65b2ef805ba,42e394a3d4bf12ca,e3975a671a9d68af,d7b2c8cdfad41375,312d3ea0864e9b31",frozen embedding cnn10,,harmonized cache (D-030); 4 s/2 s windows end-aligned; short-recording policy: zeropad,cnn10,cnn10,all (frozen),LR (inner-CV C),,class_weight balanced,none,"C grid 1e-5..1e2, inner 5-fold neg_log_loss; threshold inner OOF (D-033)",42,25,participant,roc_auc,0.723,0.0732,0.6564,0.7895,0.5927,0.8493,0.6597,0.0571,,Colab CPU (probe),d7295573b6af2837412430b94409be21e6ea526e,scripts/run_probes.py,reports/frozen/EXP-016_frozen.json,upper bound — recording context not evaluated (D-028),frozen linear probe; context confounding deferred (D-028)
EXP-016,2026-10-10,done,RQ1/RQ3,,,,342,283,59,,0,audio cohort (342; görev 4: 341),titiz,"split files outer_r0..4 (D-029), participant-level","daa5f65b2ef805ba,42e394a3d4bf12ca,e3975a671a9d68af,d7b2c8cdfad41375,312d3ea0864e9b31",frozen embedding cnn10,,harmonized cache (D-030); 4 s/2 s windows end-aligned; short-recording policy: zeropad,cnn10,cnn10,all (frozen),LR (inner-CV C),,class_weight balanced,none,"C grid 1e-5..1e2, inner 5-fold neg_log_loss; threshold inner OOF (D-033)",42,25,participant,roc_auc,0.7154,0.0698,0.6471,0.7991,0.6095,0.8237,0.6466,0.076,,Colab CPU (probe),d7295573b6af2837412430b94409be21e6ea526e,scripts/run_probes.py,reports/frozen/EXP-016_frozen.json,upper bound — recording context not evaluated (D-028),frozen linear probe; context confounding deferred (D-028)
EXP-016,2026-10-10,done,RQ1/RQ3,,,,342,283,59,,0,audio cohort (342; görev 4: 341),ünlem,"split files outer_r0..4 (D-029), participant-level","daa5f65b2ef805ba,42e394a3d4bf12ca,e3975a671a9d68af,d7b2c8cdfad41375,312d3ea0864e9b31",frozen embedding cnn10,,harmonized cache (D-030); 4 s/2 s windows end-aligned; short-recording policy: zeropad,cnn10,cnn10,all (frozen),LR (inner-CV C),,class_weight balanced,none,"C grid 1e-5..1e2, inner 5-fold neg_log_loss; threshold inner OOF (D-033)",42,25,participant,roc_auc,0.7551,0.0553,0.7026,0.8217,0.6598,0.8463,0.695,0.0619,,Colab CPU (probe),d7295573b6af2837412430b94409be21e6ea526e,scripts/run_probes.py,reports/frozen/EXP-016_frozen.json,upper bound — recording context not evaluated (D-028),frozen linear probe; context confounding deferred (D-028)
EXP-016,2026-10-10,done,RQ1/RQ3,,,,342,283,59,,0,audio cohort (342; görev 4: 341),aaa,"split files outer_r0..4 (D-029), participant-level","daa5f65b2ef805ba,42e394a3d4bf12ca,e3975a671a9d68af,d7b2c8cdfad41375,312d3ea0864e9b31",frozen embedding cnn14,,harmonized cache (D-030); 4 s/2 s windows end-aligned; short-recording policy: zeropad,cnn14,cnn14,all (frozen),LR (inner-CV C),,class_weight balanced,none,"C grid 1e-5..1e2, inner 5-fold neg_log_loss; threshold inner OOF (D-033)",42,25,participant,roc_auc,0.7196,0.0627,0.6563,0.791,0.6025,0.8193,0.6798,0.0639,,Colab CPU (probe),d7295573b6af2837412430b94409be21e6ea526e,scripts/run_probes.py,reports/frozen/EXP-016_frozen.json,upper bound — recording context not evaluated (D-028),frozen linear probe; context confounding deferred (D-028)
EXP-016,2026-10-10,done,RQ1/RQ3,,,,342,283,59,,0,audio cohort (342; görev 4: 341),ana,"split files outer_r0..4 (D-029), participant-level","daa5f65b2ef805ba,42e394a3d4bf12ca,e3975a671a9d68af,d7b2c8cdfad41375,312d3ea0864e9b31",frozen embedding cnn14,,harmonized cache (D-030); 4 s/2 s windows end-aligned; short-recording policy: zeropad,cnn14,cnn14,all (frozen),LR (inner-CV C),,class_weight balanced,none,"C grid 1e-5..1e2, inner 5-fold neg_log_loss; threshold inner OOF (D-033)",42,25,participant,roc_auc,0.6995,0.0665,0.624,0.7785,0.5969,0.831,0.6333,0.0676,,Colab CPU (probe),d7295573b6af2837412430b94409be21e6ea526e,scripts/run_probes.py,reports/frozen/EXP-016_frozen.json,upper bound — recording context not evaluated (D-028),frozen linear probe; context confounding deferred (D-028)
EXP-016,2026-10-10,done,RQ1/RQ3,,,,342,283,59,,0,audio cohort (342; görev 4: 341),araba,"split files outer_r0..4 (D-029), participant-level","daa5f65b2ef805ba,42e394a3d4bf12ca,e3975a671a9d68af,d7b2c8cdfad41375,312d3ea0864e9b31",frozen embedding cnn14,,harmonized cache (D-030); 4 s/2 s windows end-aligned; short-recording policy: zeropad,cnn14,cnn14,all (frozen),LR (inner-CV C),,class_weight balanced,none,"C grid 1e-5..1e2, inner 5-fold neg_log_loss; threshold inner OOF (D-033)",42,25,participant,roc_auc,0.6927,0.067,0.6151,0.7623,0.5833,0.7846,0.636,0.0557,,Colab CPU (probe),d7295573b6af2837412430b94409be21e6ea526e,scripts/run_probes.py,reports/frozen/EXP-016_frozen.json,upper bound — recording context not evaluated (D-028),frozen linear probe; context confounding deferred (D-028)
EXP-016,2026-10-10,done,RQ1/RQ3,,,,342,283,59,,0,audio cohort (342; görev 4: 341),fusion,"split files outer_r0..4 (D-029), participant-level","daa5f65b2ef805ba,42e394a3d4bf12ca,e3975a671a9d68af,d7b2c8cdfad41375,312d3ea0864e9b31",frozen embedding cnn14,,harmonized cache (D-030); 4 s/2 s windows end-aligned; short-recording policy: zeropad,cnn14,cnn14,all (frozen),LR (inner-CV C),,class_weight balanced,none,"C grid 1e-5..1e2, inner 5-fold neg_log_loss; threshold inner OOF (D-033)",42,25,participant,roc_auc,0.7915,0.0635,0.7468,0.8691,0.6653,0.8861,0.721,0.0583,,Colab CPU (probe),d7295573b6af2837412430b94409be21e6ea526e,scripts/run_probes.py,reports/frozen/EXP-016_frozen.json,upper bound — recording context not evaluated (D-028),frozen linear probe; context confounding deferred (D-028)
EXP-016,2026-10-10,done,RQ1/RQ3,,,,342,283,59,,0,audio cohort (342; görev 4: 341),gelecek,"split files outer_r0..4 (D-029), participant-level","daa5f65b2ef805ba,42e394a3d4bf12ca,e3975a671a9d68af,d7b2c8cdfad41375,312d3ea0864e9b31",frozen embedding cnn14,,harmonized cache (D-030); 4 s/2 s windows end-aligned; short-recording policy: zeropad,cnn14,cnn14,all (frozen),LR (inner-CV C),,class_weight balanced,none,"C grid 1e-5..1e2, inner 5-fold neg_log_loss; threshold inner OOF (D-033)",42,25,participant,roc_auc,0.6391,0.0759,0.5699,0.7268,0.5107,0.7762,0.604,0.0541,,Colab CPU (probe),d7295573b6af2837412430b94409be21e6ea526e,scripts/run_probes.py,reports/frozen/EXP-016_frozen.json,upper bound — recording context not evaluated (D-028),frozen linear probe; context confounding deferred (D-028)
EXP-016,2026-10-10,done,RQ1/RQ3,,,,341,282,59,,0,audio cohort (342; görev 4: 341),ordu,"split files outer_r0..4 (D-029), participant-level","daa5f65b2ef805ba,42e394a3d4bf12ca,e3975a671a9d68af,d7b2c8cdfad41375,312d3ea0864e9b31",frozen embedding cnn14,,harmonized cache (D-030); 4 s/2 s windows end-aligned; short-recording policy: zeropad,cnn14,cnn14,all (frozen),LR (inner-CV C),,class_weight balanced,none,"C grid 1e-5..1e2, inner 5-fold neg_log_loss; threshold inner OOF (D-033)",42,25,participant,roc_auc,0.7058,0.0825,0.6416,0.7892,0.5725,0.8539,0.6677,0.081,,Colab CPU (probe),d7295573b6af2837412430b94409be21e6ea526e,scripts/run_probes.py,reports/frozen/EXP-016_frozen.json,upper bound — recording context not evaluated (D-028),frozen linear probe; context confounding deferred (D-028)
EXP-016,2026-10-10,done,RQ1/RQ3,,,,342,283,59,,0,audio cohort (342; görev 4: 341),titiz,"split files outer_r0..4 (D-029), participant-level","daa5f65b2ef805ba,42e394a3d4bf12ca,e3975a671a9d68af,d7b2c8cdfad41375,312d3ea0864e9b31",frozen embedding cnn14,,harmonized cache (D-030); 4 s/2 s windows end-aligned; short-recording policy: zeropad,cnn14,cnn14,all (frozen),LR (inner-CV C),,class_weight balanced,none,"C grid 1e-5..1e2, inner 5-fold neg_log_loss; threshold inner OOF (D-033)",42,25,participant,roc_auc,0.6763,0.0867,0.5948,0.7431,0.5021,0.8241,0.6232,0.075,,Colab CPU (probe),d7295573b6af2837412430b94409be21e6ea526e,scripts/run_probes.py,reports/frozen/EXP-016_frozen.json,upper bound — recording context not evaluated (D-028),frozen linear probe; context confounding deferred (D-028)
EXP-016,2026-10-10,done,RQ1/RQ3,,,,342,283,59,,0,audio cohort (342; görev 4: 341),ünlem,"split files outer_r0..4 (D-029), participant-level","daa5f65b2ef805ba,42e394a3d4bf12ca,e3975a671a9d68af,d7b2c8cdfad41375,312d3ea0864e9b31",frozen embedding cnn14,,harmonized cache (D-030); 4 s/2 s windows end-aligned; short-recording policy: zeropad,cnn14,cnn14,all (frozen),LR (inner-CV C),,class_weight balanced,none,"C grid 1e-5..1e2, inner 5-fold neg_log_loss; threshold inner OOF (D-033)",42,25,participant,roc_auc,0.6567,0.0615,0.5723,0.7418,0.5099,0.7281,0.6167,0.0803,,Colab CPU (probe),d7295573b6af2837412430b94409be21e6ea526e,scripts/run_probes.py,reports/frozen/EXP-016_frozen.json,upper bound — recording context not evaluated (D-028),frozen linear probe; context confounding deferred (D-028)
EXP-016,2026-10-10,done,RQ1/RQ3,,,,342,283,59,,0,audio cohort (342; görev 4: 341),aaa,"split files outer_r0..4 (D-029), participant-level","daa5f65b2ef805ba,42e394a3d4bf12ca,e3975a671a9d68af,d7b2c8cdfad41375,312d3ea0864e9b31",frozen embedding cnn14_16k,,harmonized cache (D-030); 4 s/2 s windows end-aligned; short-recording policy: zeropad,cnn14_16k,cnn14_16k,all (frozen),LR (inner-CV C),,class_weight balanced,none,"C grid 1e-5..1e2, inner 5-fold neg_log_loss; threshold inner OOF (D-033)",42,25,participant,roc_auc,0.6714,0.0675,0.599,0.7476,0.5464,0.7857,0.6249,0.0547,,Colab CPU (probe),d7295573b6af2837412430b94409be21e6ea526e,scripts/run_probes.py,reports/frozen/EXP-016_frozen.json,upper bound — recording context not evaluated (D-028),frozen linear probe; context confounding deferred (D-028)
EXP-016,2026-10-10,done,RQ1/RQ3,,,,342,283,59,,0,audio cohort (342; görev 4: 341),ana,"split files outer_r0..4 (D-029), participant-level","daa5f65b2ef805ba,42e394a3d4bf12ca,e3975a671a9d68af,d7b2c8cdfad41375,312d3ea0864e9b31",frozen embedding cnn14_16k,,harmonized cache (D-030); 4 s/2 s windows end-aligned; short-recording policy: zeropad,cnn14_16k,cnn14_16k,all (frozen),LR (inner-CV C),,class_weight balanced,none,"C grid 1e-5..1e2, inner 5-fold neg_log_loss; threshold inner OOF (D-033)",42,25,participant,roc_auc,0.6903,0.0859,0.6458,0.7824,0.5399,0.8232,0.6403,0.0685,,Colab CPU (probe),d7295573b6af2837412430b94409be21e6ea526e,scripts/run_probes.py,reports/frozen/EXP-016_frozen.json,upper bound — recording context not evaluated (D-028),frozen linear probe; context confounding deferred (D-028)
EXP-016,2026-10-10,done,RQ1/RQ3,,,,342,283,59,,0,audio cohort (342; görev 4: 341),araba,"split files outer_r0..4 (D-029), participant-level","daa5f65b2ef805ba,42e394a3d4bf12ca,e3975a671a9d68af,d7b2c8cdfad41375,312d3ea0864e9b31",frozen embedding cnn14_16k,,harmonized cache (D-030); 4 s/2 s windows end-aligned; short-recording policy: zeropad,cnn14_16k,cnn14_16k,all (frozen),LR (inner-CV C),,class_weight balanced,none,"C grid 1e-5..1e2, inner 5-fold neg_log_loss; threshold inner OOF (D-033)",42,25,participant,roc_auc,0.6747,0.0688,0.5843,0.7366,0.5503,0.7868,0.6211,0.0557,,Colab CPU (probe),d7295573b6af2837412430b94409be21e6ea526e,scripts/run_probes.py,reports/frozen/EXP-016_frozen.json,upper bound — recording context not evaluated (D-028),frozen linear probe; context confounding deferred (D-028)
EXP-016,2026-10-10,done,RQ1/RQ3,,,,342,283,59,,0,audio cohort (342; görev 4: 341),fusion,"split files outer_r0..4 (D-029), participant-level","daa5f65b2ef805ba,42e394a3d4bf12ca,e3975a671a9d68af,d7b2c8cdfad41375,312d3ea0864e9b31",frozen embedding cnn14_16k,,harmonized cache (D-030); 4 s/2 s windows end-aligned; short-recording policy: zeropad,cnn14_16k,cnn14_16k,all (frozen),LR (inner-CV C),,class_weight balanced,none,"C grid 1e-5..1e2, inner 5-fold neg_log_loss; threshold inner OOF (D-033)",42,25,participant,roc_auc,0.7292,0.0669,0.6657,0.7941,0.6053,0.8586,0.6568,0.0771,,Colab CPU (probe),d7295573b6af2837412430b94409be21e6ea526e,scripts/run_probes.py,reports/frozen/EXP-016_frozen.json,upper bound — recording context not evaluated (D-028),frozen linear probe; context confounding deferred (D-028)
EXP-016,2026-10-10,done,RQ1/RQ3,,,,342,283,59,,0,audio cohort (342; görev 4: 341),gelecek,"split files outer_r0..4 (D-029), participant-level","daa5f65b2ef805ba,42e394a3d4bf12ca,e3975a671a9d68af,d7b2c8cdfad41375,312d3ea0864e9b31",frozen embedding cnn14_16k,,harmonized cache (D-030); 4 s/2 s windows end-aligned; short-recording policy: zeropad,cnn14_16k,cnn14_16k,all (frozen),LR (inner-CV C),,class_weight balanced,none,"C grid 1e-5..1e2, inner 5-fold neg_log_loss; threshold inner OOF (D-033)",42,25,participant,roc_auc,0.62,0.0817,0.5427,0.704,0.4862,0.7547,0.5922,0.071,,Colab CPU (probe),d7295573b6af2837412430b94409be21e6ea526e,scripts/run_probes.py,reports/frozen/EXP-016_frozen.json,upper bound — recording context not evaluated (D-028),frozen linear probe; context confounding deferred (D-028)
EXP-016,2026-10-10,done,RQ1/RQ3,,,,341,282,59,,0,audio cohort (342; görev 4: 341),ordu,"split files outer_r0..4 (D-029), participant-level","daa5f65b2ef805ba,42e394a3d4bf12ca,e3975a671a9d68af,d7b2c8cdfad41375,312d3ea0864e9b31",frozen embedding cnn14_16k,,harmonized cache (D-030); 4 s/2 s windows end-aligned; short-recording policy: zeropad,cnn14_16k,cnn14_16k,all (frozen),LR (inner-CV C),,class_weight balanced,none,"C grid 1e-5..1e2, inner 5-fold neg_log_loss; threshold inner OOF (D-033)",42,25,participant,roc_auc,0.6659,0.0814,0.5934,0.7319,0.5122,0.7887,0.6346,0.0698,,Colab CPU (probe),d7295573b6af2837412430b94409be21e6ea526e,scripts/run_probes.py,reports/frozen/EXP-016_frozen.json,upper bound — recording context not evaluated (D-028),frozen linear probe; context confounding deferred (D-028)
EXP-016,2026-10-10,done,RQ1/RQ3,,,,342,283,59,,0,audio cohort (342; görev 4: 341),titiz,"split files outer_r0..4 (D-029), participant-level","daa5f65b2ef805ba,42e394a3d4bf12ca,e3975a671a9d68af,d7b2c8cdfad41375,312d3ea0864e9b31",frozen embedding cnn14_16k,,harmonized cache (D-030); 4 s/2 s windows end-aligned; short-recording policy: zeropad,cnn14_16k,cnn14_16k,all (frozen),LR (inner-CV C),,class_weight balanced,none,"C grid 1e-5..1e2, inner 5-fold neg_log_loss; threshold inner OOF (D-033)",42,25,participant,roc_auc,0.581,0.0901,0.4474,0.6196,0.4405,0.733,0.5641,0.0542,,Colab CPU (probe),d7295573b6af2837412430b94409be21e6ea526e,scripts/run_probes.py,reports/frozen/EXP-016_frozen.json,upper bound — recording context not evaluated (D-028),frozen linear probe; context confounding deferred (D-028)
EXP-016,2026-10-10,done,RQ1/RQ3,,,,342,283,59,,0,audio cohort (342; görev 4: 341),ünlem,"split files outer_r0..4 (D-029), participant-level","daa5f65b2ef805ba,42e394a3d4bf12ca,e3975a671a9d68af,d7b2c8cdfad41375,312d3ea0864e9b31",frozen embedding cnn14_16k,,harmonized cache (D-030); 4 s/2 s windows end-aligned; short-recording policy: zeropad,cnn14_16k,cnn14_16k,all (frozen),LR (inner-CV C),,class_weight balanced,none,"C grid 1e-5..1e2, inner 5-fold neg_log_loss; threshold inner OOF (D-033)",42,25,participant,roc_auc,0.6848,0.0696,0.6034,0.7497,0.5776,0.8113,0.6295,0.0575,,Colab CPU (probe),d7295573b6af2837412430b94409be21e6ea526e,scripts/run_probes.py,reports/frozen/EXP-016_frozen.json,upper bound — recording context not evaluated (D-028),frozen linear probe; context confounding deferred (D-028)
EXP-016,2026-10-10,done,RQ1/RQ3,,,,342,283,59,,0,audio cohort (342; görev 4: 341),aaa,"split files outer_r0..4 (D-029), participant-level","daa5f65b2ef805ba,42e394a3d4bf12ca,e3975a671a9d68af,d7b2c8cdfad41375,312d3ea0864e9b31",44-d MFCC,,harmonized cache (D-030); 4 s/2 s windows end-aligned; short-recording policy: n/a,mfcc_lr,,all (frozen),LR (inner-CV C),,class_weight balanced,none,"C grid 1e-5..1e2, inner 5-fold neg_log_loss; threshold inner OOF (D-033)",42,25,participant,roc_auc,0.6471,0.0866,0.5746,0.7179,0.4847,0.8191,0.5829,0.0763,,Colab CPU (probe),d7295573b6af2837412430b94409be21e6ea526e,scripts/run_probes.py,reports/frozen/EXP-016_frozen.json,upper bound — recording context not evaluated (D-028),frozen linear probe; context confounding deferred (D-028)
EXP-016,2026-10-10,done,RQ1/RQ3,,,,342,283,59,,0,audio cohort (342; görev 4: 341),ana,"split files outer_r0..4 (D-029), participant-level","daa5f65b2ef805ba,42e394a3d4bf12ca,e3975a671a9d68af,d7b2c8cdfad41375,312d3ea0864e9b31",44-d MFCC,,harmonized cache (D-030); 4 s/2 s windows end-aligned; short-recording policy: n/a,mfcc_lr,,all (frozen),LR (inner-CV C),,class_weight balanced,none,"C grid 1e-5..1e2, inner 5-fold neg_log_loss; threshold inner OOF (D-033)",42,25,participant,roc_auc,0.6814,0.0747,0.6149,0.7621,0.5299,0.7967,0.6004,0.0809,,Colab CPU (probe),d7295573b6af2837412430b94409be21e6ea526e,scripts/run_probes.py,reports/frozen/EXP-016_frozen.json,upper bound — recording context not evaluated (D-028),frozen linear probe; context confounding deferred (D-028)
EXP-016,2026-10-10,done,RQ1/RQ3,,,,342,283,59,,0,audio cohort (342; görev 4: 341),araba,"split files outer_r0..4 (D-029), participant-level","daa5f65b2ef805ba,42e394a3d4bf12ca,e3975a671a9d68af,d7b2c8cdfad41375,312d3ea0864e9b31",44-d MFCC,,harmonized cache (D-030); 4 s/2 s windows end-aligned; short-recording policy: n/a,mfcc_lr,,all (frozen),LR (inner-CV C),,class_weight balanced,none,"C grid 1e-5..1e2, inner 5-fold neg_log_loss; threshold inner OOF (D-033)",42,25,participant,roc_auc,0.6912,0.0586,0.6192,0.7699,0.598,0.808,0.6118,0.0561,,Colab CPU (probe),d7295573b6af2837412430b94409be21e6ea526e,scripts/run_probes.py,reports/frozen/EXP-016_frozen.json,upper bound — recording context not evaluated (D-028),frozen linear probe; context confounding deferred (D-028)
EXP-016,2026-10-10,done,RQ1/RQ3,,,,342,283,59,,0,audio cohort (342; görev 4: 341),fusion,"split files outer_r0..4 (D-029), participant-level","daa5f65b2ef805ba,42e394a3d4bf12ca,e3975a671a9d68af,d7b2c8cdfad41375,312d3ea0864e9b31",44-d MFCC,,harmonized cache (D-030); 4 s/2 s windows end-aligned; short-recording policy: n/a,mfcc_lr,,all (frozen),LR (inner-CV C),,class_weight balanced,none,"C grid 1e-5..1e2, inner 5-fold neg_log_loss; threshold inner OOF (D-033)",42,25,participant,roc_auc,0.771,0.0777,0.7131,0.8362,0.6105,0.8871,0.6963,0.0815,,Colab CPU (probe),d7295573b6af2837412430b94409be21e6ea526e,scripts/run_probes.py,reports/frozen/EXP-016_frozen.json,upper bound — recording context not evaluated (D-028),frozen linear probe; context confounding deferred (D-028)
EXP-016,2026-10-10,done,RQ1/RQ3,,,,342,283,59,,0,audio cohort (342; görev 4: 341),gelecek,"split files outer_r0..4 (D-029), participant-level","daa5f65b2ef805ba,42e394a3d4bf12ca,e3975a671a9d68af,d7b2c8cdfad41375,312d3ea0864e9b31",44-d MFCC,,harmonized cache (D-030); 4 s/2 s windows end-aligned; short-recording policy: n/a,mfcc_lr,,all (frozen),LR (inner-CV C),,class_weight balanced,none,"C grid 1e-5..1e2, inner 5-fold neg_log_loss; threshold inner OOF (D-033)",42,25,participant,roc_auc,0.6466,0.0662,0.5663,0.7196,0.553,0.769,0.5935,0.064,,Colab CPU (probe),d7295573b6af2837412430b94409be21e6ea526e,scripts/run_probes.py,reports/frozen/EXP-016_frozen.json,upper bound — recording context not evaluated (D-028),frozen linear probe; context confounding deferred (D-028)
EXP-016,2026-10-10,done,RQ1/RQ3,,,,341,282,59,,0,audio cohort (342; görev 4: 341),ordu,"split files outer_r0..4 (D-029), participant-level","daa5f65b2ef805ba,42e394a3d4bf12ca,e3975a671a9d68af,d7b2c8cdfad41375,312d3ea0864e9b31",44-d MFCC,,harmonized cache (D-030); 4 s/2 s windows end-aligned; short-recording policy: n/a,mfcc_lr,,all (frozen),LR (inner-CV C),,class_weight balanced,none,"C grid 1e-5..1e2, inner 5-fold neg_log_loss; threshold inner OOF (D-033)",42,25,participant,roc_auc,0.6487,0.092,0.5757,0.723,0.4817,0.7815,0.5939,0.0773,,Colab CPU (probe),d7295573b6af2837412430b94409be21e6ea526e,scripts/run_probes.py,reports/frozen/EXP-016_frozen.json,upper bound — recording context not evaluated (D-028),frozen linear probe; context confounding deferred (D-028)
EXP-016,2026-10-10,done,RQ1/RQ3,,,,342,283,59,,0,audio cohort (342; görev 4: 341),titiz,"split files outer_r0..4 (D-029), participant-level","daa5f65b2ef805ba,42e394a3d4bf12ca,e3975a671a9d68af,d7b2c8cdfad41375,312d3ea0864e9b31",44-d MFCC,,harmonized cache (D-030); 4 s/2 s windows end-aligned; short-recording policy: n/a,mfcc_lr,,all (frozen),LR (inner-CV C),,class_weight balanced,none,"C grid 1e-5..1e2, inner 5-fold neg_log_loss; threshold inner OOF (D-033)",42,25,participant,roc_auc,0.6652,0.0754,0.5881,0.7482,0.5459,0.7901,0.6274,0.0706,,Colab CPU (probe),d7295573b6af2837412430b94409be21e6ea526e,scripts/run_probes.py,reports/frozen/EXP-016_frozen.json,upper bound — recording context not evaluated (D-028),frozen linear probe; context confounding deferred (D-028)
EXP-016,2026-10-10,done,RQ1/RQ3,,,,342,283,59,,0,audio cohort (342; görev 4: 341),ünlem,"split files outer_r0..4 (D-029), participant-level","daa5f65b2ef805ba,42e394a3d4bf12ca,e3975a671a9d68af,d7b2c8cdfad41375,312d3ea0864e9b31",44-d MFCC,,harmonized cache (D-030); 4 s/2 s windows end-aligned; short-recording policy: n/a,mfcc_lr,,all (frozen),LR (inner-CV C),,class_weight balanced,none,"C grid 1e-5..1e2, inner 5-fold neg_log_loss; threshold inner OOF (D-033)",42,25,participant,roc_auc,0.6393,0.065,0.5747,0.7122,0.5192,0.756,0.6056,0.0714,,Colab CPU (probe),d7295573b6af2837412430b94409be21e6ea526e,scripts/run_probes.py,reports/frozen/EXP-016_frozen.json,upper bound — recording context not evaluated (D-028),frozen linear probe; context confounding deferred (D-028)
EXP-016,2026-10-10,done,RQ1/RQ3,,,,342,283,59,,0,audio cohort (342; görev 4: 341),aaa,"split files outer_r0..4 (D-029), participant-level","daa5f65b2ef805ba,42e394a3d4bf12ca,e3975a671a9d68af,d7b2c8cdfad41375,312d3ea0864e9b31",44-d MFCC,,harmonized cache (D-030); 4 s/2 s windows end-aligned; short-recording policy: n/a,mfcc_mlp,,all (frozen),MLP (SMOTE),,SMOTE (D-032),none,"C grid 1e-5..1e2, inner 5-fold neg_log_loss; threshold inner OOF (D-033)",42,25,participant,roc_auc,0.6347,0.0909,0.5803,0.7298,0.445,0.7927,0.5874,0.0813,,Colab CPU (probe),d7295573b6af2837412430b94409be21e6ea526e,scripts/run_probes.py,reports/frozen/EXP-016_frozen.json,upper bound — recording context not evaluated (D-028),frozen linear probe; context confounding deferred (D-028)
EXP-016,2026-10-10,done,RQ1/RQ3,,,,342,283,59,,0,audio cohort (342; görev 4: 341),ana,"split files outer_r0..4 (D-029), participant-level","daa5f65b2ef805ba,42e394a3d4bf12ca,e3975a671a9d68af,d7b2c8cdfad41375,312d3ea0864e9b31",44-d MFCC,,harmonized cache (D-030); 4 s/2 s windows end-aligned; short-recording policy: n/a,mfcc_mlp,,all (frozen),MLP (SMOTE),,SMOTE (D-032),none,"C grid 1e-5..1e2, inner 5-fold neg_log_loss; threshold inner OOF (D-033)",42,25,participant,roc_auc,0.6659,0.0637,0.5949,0.7467,0.5463,0.7952,0.6249,0.0593,,Colab CPU (probe),d7295573b6af2837412430b94409be21e6ea526e,scripts/run_probes.py,reports/frozen/EXP-016_frozen.json,upper bound — recording context not evaluated (D-028),frozen linear probe; context confounding deferred (D-028)
EXP-016,2026-10-10,done,RQ1/RQ3,,,,342,283,59,,0,audio cohort (342; görev 4: 341),araba,"split files outer_r0..4 (D-029), participant-level","daa5f65b2ef805ba,42e394a3d4bf12ca,e3975a671a9d68af,d7b2c8cdfad41375,312d3ea0864e9b31",44-d MFCC,,harmonized cache (D-030); 4 s/2 s windows end-aligned; short-recording policy: n/a,mfcc_mlp,,all (frozen),MLP (SMOTE),,SMOTE (D-032),none,"C grid 1e-5..1e2, inner 5-fold neg_log_loss; threshold inner OOF (D-033)",42,25,participant,roc_auc,0.6675,0.0433,0.5846,0.7455,0.5962,0.7459,0.6143,0.0454,,Colab CPU (probe),d7295573b6af2837412430b94409be21e6ea526e,scripts/run_probes.py,reports/frozen/EXP-016_frozen.json,upper bound — recording context not evaluated (D-028),frozen linear probe; context confounding deferred (D-028)
EXP-016,2026-10-10,done,RQ1/RQ3,,,,342,283,59,,0,audio cohort (342; görev 4: 341),fusion,"split files outer_r0..4 (D-029), participant-level","daa5f65b2ef805ba,42e394a3d4bf12ca,e3975a671a9d68af,d7b2c8cdfad41375,312d3ea0864e9b31",44-d MFCC,,harmonized cache (D-030); 4 s/2 s windows end-aligned; short-recording policy: n/a,mfcc_mlp,,all (frozen),MLP (SMOTE),,SMOTE (D-032),none,"C grid 1e-5..1e2, inner 5-fold neg_log_loss; threshold inner OOF (D-033)",42,25,participant,roc_auc,0.7696,0.0576,0.7247,0.8442,0.67,0.8583,0.6958,0.0593,,Colab CPU (probe),d7295573b6af2837412430b94409be21e6ea526e,scripts/run_probes.py,reports/frozen/EXP-016_frozen.json,upper bound — recording context not evaluated (D-028),frozen linear probe; context confounding deferred (D-028)
EXP-016,2026-10-10,done,RQ1/RQ3,,,,342,283,59,,0,audio cohort (342; görev 4: 341),gelecek,"split files outer_r0..4 (D-029), participant-level","daa5f65b2ef805ba,42e394a3d4bf12ca,e3975a671a9d68af,d7b2c8cdfad41375,312d3ea0864e9b31",44-d MFCC,,harmonized cache (D-030); 4 s/2 s windows end-aligned; short-recording policy: n/a,mfcc_mlp,,all (frozen),MLP (SMOTE),,SMOTE (D-032),none,"C grid 1e-5..1e2, inner 5-fold neg_log_loss; threshold inner OOF (D-033)",42,25,participant,roc_auc,0.6674,0.0684,0.6081,0.7568,0.5522,0.7847,0.5724,0.0431,,Colab CPU (probe),d7295573b6af2837412430b94409be21e6ea526e,scripts/run_probes.py,reports/frozen/EXP-016_frozen.json,upper bound — recording context not evaluated (D-028),frozen linear probe; context confounding deferred (D-028)
EXP-016,2026-10-10,done,RQ1/RQ3,,,,341,282,59,,0,audio cohort (342; görev 4: 341),ordu,"split files outer_r0..4 (D-029), participant-level","daa5f65b2ef805ba,42e394a3d4bf12ca,e3975a671a9d68af,d7b2c8cdfad41375,312d3ea0864e9b31",44-d MFCC,,harmonized cache (D-030); 4 s/2 s windows end-aligned; short-recording policy: n/a,mfcc_mlp,,all (frozen),MLP (SMOTE),,SMOTE (D-032),none,"C grid 1e-5..1e2, inner 5-fold neg_log_loss; threshold inner OOF (D-033)",42,25,participant,roc_auc,0.6265,0.0869,0.5567,0.7115,0.4582,0.7506,0.5888,0.0811,,Colab CPU (probe),d7295573b6af2837412430b94409be21e6ea526e,scripts/run_probes.py,reports/frozen/EXP-016_frozen.json,upper bound — recording context not evaluated (D-028),frozen linear probe; context confounding deferred (D-028)
EXP-016,2026-10-10,done,RQ1/RQ3,,,,342,283,59,,0,audio cohort (342; görev 4: 341),titiz,"split files outer_r0..4 (D-029), participant-level","daa5f65b2ef805ba,42e394a3d4bf12ca,e3975a671a9d68af,d7b2c8cdfad41375,312d3ea0864e9b31",44-d MFCC,,harmonized cache (D-030); 4 s/2 s windows end-aligned; short-recording policy: n/a,mfcc_mlp,,all (frozen),MLP (SMOTE),,SMOTE (D-032),none,"C grid 1e-5..1e2, inner 5-fold neg_log_loss; threshold inner OOF (D-033)",42,25,participant,roc_auc,0.7121,0.0873,0.6423,0.789,0.5219,0.8272,0.6511,0.0818,,Colab CPU (probe),d7295573b6af2837412430b94409be21e6ea526e,scripts/run_probes.py,reports/frozen/EXP-016_frozen.json,upper bound — recording context not evaluated (D-028),frozen linear probe; context confounding deferred (D-028)
EXP-016,2026-10-10,done,RQ1/RQ3,,,,342,283,59,,0,audio cohort (342; görev 4: 341),ünlem,"split files outer_r0..4 (D-029), participant-level","daa5f65b2ef805ba,42e394a3d4bf12ca,e3975a671a9d68af,d7b2c8cdfad41375,312d3ea0864e9b31",44-d MFCC,,harmonized cache (D-030); 4 s/2 s windows end-aligned; short-recording policy: n/a,mfcc_mlp,,all (frozen),MLP (SMOTE),,SMOTE (D-032),none,"C grid 1e-5..1e2, inner 5-fold neg_log_loss; threshold inner OOF (D-033)",42,25,participant,roc_auc,0.6423,0.078,0.5757,0.7249,0.4906,0.7661,0.61,0.0604,,Colab CPU (probe),d7295573b6af2837412430b94409be21e6ea526e,scripts/run_probes.py,reports/frozen/EXP-016_frozen.json,upper bound — recording context not evaluated (D-028),frozen linear probe; context confounding deferred (D-028)
EXP-016,2026-10-10,done,RQ1/RQ3,,,,340,283,57,,0,audio cohort (342; görev 4: 341),fusion,"split files outer_r0..4 (D-029), participant-level","daa5f65b2ef805ba,42e394a3d4bf12ca,e3975a671a9d68af,d7b2c8cdfad41375,312d3ea0864e9b31",none,,harmonized cache (D-030); 4 s/2 s windows end-aligned; short-recording policy: n/a,ref_age,,all (frozen),LR (inner-CV C),,class_weight balanced,none,"C grid 1e-5..1e2, inner 5-fold neg_log_loss; threshold inner OOF (D-033)",42,25,participant,roc_auc,0.6823,0.046,0.6009,0.7497,0.6155,0.7566,0.6203,0.0414,,Colab CPU (probe),d7295573b6af2837412430b94409be21e6ea526e,scripts/run_probes.py,reports/frozen/EXP-016_frozen.json,reference line (no audio),frozen linear probe; context confounding deferred (D-028)
EXP-016,2026-10-10,done,RQ1/RQ3,,,,340,282,58,,0,audio cohort (342; görev 4: 341),fusion,"split files outer_r0..4 (D-029), participant-level","daa5f65b2ef805ba,42e394a3d4bf12ca,e3975a671a9d68af,d7b2c8cdfad41375,312d3ea0864e9b31",none,,harmonized cache (D-030); 4 s/2 s windows end-aligned; short-recording policy: n/a,ref_context,,all (frozen),LR (inner-CV C),,class_weight balanced,none,"C grid 1e-5..1e2, inner 5-fold neg_log_loss; threshold inner OOF (D-033)",42,25,participant,roc_auc,0.9336,0.0219,0.8995,0.958,0.8937,0.972,0.8392,0.0416,,Colab CPU (probe),d7295573b6af2837412430b94409be21e6ea526e,scripts/run_probes.py,reports/frozen/EXP-016_frozen.json,reference line (no audio),frozen linear probe; context confounding deferred (D-028)
EXP-016,2026-10-10,done,RQ1/RQ3,,,,342,283,59,,0,audio cohort (342; görev 4: 341),aaa,"split files outer_r0..4 (D-029), participant-level","daa5f65b2ef805ba,42e394a3d4bf12ca,e3975a671a9d68af,d7b2c8cdfad41375,312d3ea0864e9b31",frozen embedding wavlm_base_plus,,harmonized cache (D-030); 4 s/2 s windows end-aligned; short-recording policy: zeropad,wavlm_base_plus,wavlm_base_plus,all (frozen),LR (inner-CV C),,class_weight balanced,none,"C grid 1e-5..1e2, inner 5-fold neg_log_loss; threshold inner OOF (D-033)",42,25,participant,roc_auc,0.6386,0.0581,0.5731,0.7239,0.5452,0.7308,0.5744,0.0525,,Colab CPU (probe),d7295573b6af2837412430b94409be21e6ea526e,scripts/run_probes.py,reports/frozen/EXP-016_frozen.json,upper bound — recording context not evaluated (D-028),frozen linear probe; context confounding deferred (D-028)
EXP-016,2026-10-10,done,RQ1/RQ3,,,,342,283,59,,0,audio cohort (342; görev 4: 341),ana,"split files outer_r0..4 (D-029), participant-level","daa5f65b2ef805ba,42e394a3d4bf12ca,e3975a671a9d68af,d7b2c8cdfad41375,312d3ea0864e9b31",frozen embedding wavlm_base_plus,,harmonized cache (D-030); 4 s/2 s windows end-aligned; short-recording policy: zeropad,wavlm_base_plus,wavlm_base_plus,all (frozen),LR (inner-CV C),,class_weight balanced,none,"C grid 1e-5..1e2, inner 5-fold neg_log_loss; threshold inner OOF (D-033)",42,25,participant,roc_auc,0.8152,0.0596,0.7467,0.877,0.6954,0.8961,0.749,0.069,,Colab CPU (probe),d7295573b6af2837412430b94409be21e6ea526e,scripts/run_probes.py,reports/frozen/EXP-016_frozen.json,upper bound — recording context not evaluated (D-028),frozen linear probe; context confounding deferred (D-028)
EXP-016,2026-10-10,done,RQ1/RQ3,,,,342,283,59,,0,audio cohort (342; görev 4: 341),araba,"split files outer_r0..4 (D-029), participant-level","daa5f65b2ef805ba,42e394a3d4bf12ca,e3975a671a9d68af,d7b2c8cdfad41375,312d3ea0864e9b31",frozen embedding wavlm_base_plus,,harmonized cache (D-030); 4 s/2 s windows end-aligned; short-recording policy: zeropad,wavlm_base_plus,wavlm_base_plus,all (frozen),LR (inner-CV C),,class_weight balanced,none,"C grid 1e-5..1e2, inner 5-fold neg_log_loss; threshold inner OOF (D-033)",42,25,participant,roc_auc,0.8201,0.0644,0.7581,0.8835,0.6957,0.9185,0.7246,0.0657,,Colab CPU (probe),d7295573b6af2837412430b94409be21e6ea526e,scripts/run_probes.py,reports/frozen/EXP-016_frozen.json,upper bound — recording context not evaluated (D-028),frozen linear probe; context confounding deferred (D-028)
EXP-016,2026-10-10,done,RQ1/RQ3,,,,342,283,59,,0,audio cohort (342; görev 4: 341),fusion,"split files outer_r0..4 (D-029), participant-level","daa5f65b2ef805ba,42e394a3d4bf12ca,e3975a671a9d68af,d7b2c8cdfad41375,312d3ea0864e9b31",frozen embedding wavlm_base_plus,,harmonized cache (D-030); 4 s/2 s windows end-aligned; short-recording policy: zeropad,wavlm_base_plus,wavlm_base_plus,all (frozen),LR (inner-CV C),,class_weight balanced,none,"C grid 1e-5..1e2, inner 5-fold neg_log_loss; threshold inner OOF (D-033)",42,25,participant,roc_auc,0.884,0.0393,0.8359,0.9257,0.815,0.9439,0.7744,0.0474,,Colab CPU (probe),d7295573b6af2837412430b94409be21e6ea526e,scripts/run_probes.py,reports/frozen/EXP-016_frozen.json,upper bound — recording context not evaluated (D-028),frozen linear probe; context confounding deferred (D-028)
EXP-016,2026-10-10,done,RQ1/RQ3,,,,342,283,59,,0,audio cohort (342; görev 4: 341),gelecek,"split files outer_r0..4 (D-029), participant-level","daa5f65b2ef805ba,42e394a3d4bf12ca,e3975a671a9d68af,d7b2c8cdfad41375,312d3ea0864e9b31",frozen embedding wavlm_base_plus,,harmonized cache (D-030); 4 s/2 s windows end-aligned; short-recording policy: zeropad,wavlm_base_plus,wavlm_base_plus,all (frozen),LR (inner-CV C),,class_weight balanced,none,"C grid 1e-5..1e2, inner 5-fold neg_log_loss; threshold inner OOF (D-033)",42,25,participant,roc_auc,0.778,0.0647,0.7193,0.8522,0.6643,0.889,0.7076,0.0578,,Colab CPU (probe),d7295573b6af2837412430b94409be21e6ea526e,scripts/run_probes.py,reports/frozen/EXP-016_frozen.json,upper bound — recording context not evaluated (D-028),frozen linear probe; context confounding deferred (D-028)
EXP-016,2026-10-10,done,RQ1/RQ3,,,,341,282,59,,0,audio cohort (342; görev 4: 341),ordu,"split files outer_r0..4 (D-029), participant-level","daa5f65b2ef805ba,42e394a3d4bf12ca,e3975a671a9d68af,d7b2c8cdfad41375,312d3ea0864e9b31",frozen embedding wavlm_base_plus,,harmonized cache (D-030); 4 s/2 s windows end-aligned; short-recording policy: zeropad,wavlm_base_plus,wavlm_base_plus,all (frozen),LR (inner-CV C),,class_weight balanced,none,"C grid 1e-5..1e2, inner 5-fold neg_log_loss; threshold inner OOF (D-033)",42,25,participant,roc_auc,0.8169,0.053,0.7437,0.8766,0.7445,0.9216,0.7278,0.0628,,Colab CPU (probe),d7295573b6af2837412430b94409be21e6ea526e,scripts/run_probes.py,reports/frozen/EXP-016_frozen.json,upper bound — recording context not evaluated (D-028),frozen linear probe; context confounding deferred (D-028)
EXP-016,2026-10-10,done,RQ1/RQ3,,,,342,283,59,,0,audio cohort (342; görev 4: 341),titiz,"split files outer_r0..4 (D-029), participant-level","daa5f65b2ef805ba,42e394a3d4bf12ca,e3975a671a9d68af,d7b2c8cdfad41375,312d3ea0864e9b31",frozen embedding wavlm_base_plus,,harmonized cache (D-030); 4 s/2 s windows end-aligned; short-recording policy: zeropad,wavlm_base_plus,wavlm_base_plus,all (frozen),LR (inner-CV C),,class_weight balanced,none,"C grid 1e-5..1e2, inner 5-fold neg_log_loss; threshold inner OOF (D-033)",42,25,participant,roc_auc,0.8461,0.0504,0.7736,0.8978,0.7598,0.9351,0.7469,0.0654,,Colab CPU (probe),d7295573b6af2837412430b94409be21e6ea526e,scripts/run_probes.py,reports/frozen/EXP-016_frozen.json,upper bound — recording context not evaluated (D-028),frozen linear probe; context confounding deferred (D-028)
EXP-016,2026-10-10,done,RQ1/RQ3,,,,342,283,59,,0,audio cohort (342; görev 4: 341),ünlem,"split files outer_r0..4 (D-029), participant-level","daa5f65b2ef805ba,42e394a3d4bf12ca,e3975a671a9d68af,d7b2c8cdfad41375,312d3ea0864e9b31",frozen embedding wavlm_base_plus,,harmonized cache (D-030); 4 s/2 s windows end-aligned; short-recording policy: zeropad,wavlm_base_plus,wavlm_base_plus,all (frozen),LR (inner-CV C),,class_weight balanced,none,"C grid 1e-5..1e2, inner 5-fold neg_log_loss; threshold inner OOF (D-033)",42,25,participant,roc_auc,0.7606,0.0877,0.689,0.8377,0.6368,0.9202,0.6776,0.0795,,Colab CPU (probe),d7295573b6af2837412430b94409be21e6ea526e,scripts/run_probes.py,reports/frozen/EXP-016_frozen.json,upper bound — recording context not evaluated (D-028),frozen linear probe; context confounding deferred (D-028)
EXP-016,2026-10-10,done,RQ1/RQ3,,,,342,283,59,,0,audio cohort (342; görev 4: 341),aaa,"split files outer_r0..4 (D-029), participant-level","daa5f65b2ef805ba,42e394a3d4bf12ca,e3975a671a9d68af,d7b2c8cdfad41375,312d3ea0864e9b31",frozen embedding wavlm_large,,harmonized cache (D-030); 4 s/2 s windows end-aligned; short-recording policy: zeropad,wavlm_large,wavlm_large,all (frozen),LR (inner-CV C),,class_weight balanced,none,"C grid 1e-5..1e2, inner 5-fold neg_log_loss; threshold inner OOF (D-033)",42,25,participant,roc_auc,0.7148,0.0647,0.6563,0.7908,0.5969,0.8231,0.6481,0.0656,,Colab CPU (probe),d7295573b6af2837412430b94409be21e6ea526e,scripts/run_probes.py,reports/frozen/EXP-016_frozen.json,upper bound — recording context not evaluated (D-028),frozen linear probe; context confounding deferred (D-028)
EXP-016,2026-10-10,done,RQ1/RQ3,,,,342,283,59,,0,audio cohort (342; görev 4: 341),ana,"split files outer_r0..4 (D-029), participant-level","daa5f65b2ef805ba,42e394a3d4bf12ca,e3975a671a9d68af,d7b2c8cdfad41375,312d3ea0864e9b31",frozen embedding wavlm_large,,harmonized cache (D-030); 4 s/2 s windows end-aligned; short-recording policy: zeropad,wavlm_large,wavlm_large,all (frozen),LR (inner-CV C),,class_weight balanced,none,"C grid 1e-5..1e2, inner 5-fold neg_log_loss; threshold inner OOF (D-033)",42,25,participant,roc_auc,0.8573,0.0551,0.8025,0.9106,0.7413,0.9377,0.7691,0.0707,,Colab CPU (probe),d7295573b6af2837412430b94409be21e6ea526e,scripts/run_probes.py,reports/frozen/EXP-016_frozen.json,upper bound — recording context not evaluated (D-028),frozen linear probe; context confounding deferred (D-028)
EXP-016,2026-10-10,done,RQ1/RQ3,,,,342,283,59,,0,audio cohort (342; görev 4: 341),araba,"split files outer_r0..4 (D-029), participant-level","daa5f65b2ef805ba,42e394a3d4bf12ca,e3975a671a9d68af,d7b2c8cdfad41375,312d3ea0864e9b31",frozen embedding wavlm_large,,harmonized cache (D-030); 4 s/2 s windows end-aligned; short-recording policy: zeropad,wavlm_large,wavlm_large,all (frozen),LR (inner-CV C),,class_weight balanced,none,"C grid 1e-5..1e2, inner 5-fold neg_log_loss; threshold inner OOF (D-033)",42,25,participant,roc_auc,0.8346,0.0587,0.7829,0.8924,0.6994,0.942,0.7383,0.0642,,Colab CPU (probe),d7295573b6af2837412430b94409be21e6ea526e,scripts/run_probes.py,reports/frozen/EXP-016_frozen.json,upper bound — recording context not evaluated (D-028),frozen linear probe; context confounding deferred (D-028)
EXP-016,2026-10-10,done,RQ1/RQ3,,,,342,283,59,,0,audio cohort (342; görev 4: 341),fusion,"split files outer_r0..4 (D-029), participant-level","daa5f65b2ef805ba,42e394a3d4bf12ca,e3975a671a9d68af,d7b2c8cdfad41375,312d3ea0864e9b31",frozen embedding wavlm_large,,harmonized cache (D-030); 4 s/2 s windows end-aligned; short-recording policy: zeropad,wavlm_large,wavlm_large,all (frozen),LR (inner-CV C),,class_weight balanced,none,"C grid 1e-5..1e2, inner 5-fold neg_log_loss; threshold inner OOF (D-033)",42,25,participant,roc_auc,0.9088,0.0415,0.8685,0.9417,0.8127,0.9704,0.7913,0.0485,,Colab CPU (probe),d7295573b6af2837412430b94409be21e6ea526e,scripts/run_probes.py,reports/frozen/EXP-016_frozen.json,upper bound — recording context not evaluated (D-028),frozen linear probe; context confounding deferred (D-028)
EXP-016,2026-10-10,done,RQ1/RQ3,,,,342,283,59,,0,audio cohort (342; görev 4: 341),gelecek,"split files outer_r0..4 (D-029), participant-level","daa5f65b2ef805ba,42e394a3d4bf12ca,e3975a671a9d68af,d7b2c8cdfad41375,312d3ea0864e9b31",frozen embedding wavlm_large,,harmonized cache (D-030); 4 s/2 s windows end-aligned; short-recording policy: zeropad,wavlm_large,wavlm_large,all (frozen),LR (inner-CV C),,class_weight balanced,none,"C grid 1e-5..1e2, inner 5-fold neg_log_loss; threshold inner OOF (D-033)",42,25,participant,roc_auc,0.8337,0.0452,0.7917,0.8853,0.7349,0.8947,0.7413,0.0573,,Colab CPU (probe),d7295573b6af2837412430b94409be21e6ea526e,scripts/run_probes.py,reports/frozen/EXP-016_frozen.json,upper bound — recording context not evaluated (D-028),frozen linear probe; context confounding deferred (D-028)
EXP-016,2026-10-10,done,RQ1/RQ3,,,,341,282,59,,0,audio cohort (342; görev 4: 341),ordu,"split files outer_r0..4 (D-029), participant-level","daa5f65b2ef805ba,42e394a3d4bf12ca,e3975a671a9d68af,d7b2c8cdfad41375,312d3ea0864e9b31",frozen embedding wavlm_large,,harmonized cache (D-030); 4 s/2 s windows end-aligned; short-recording policy: zeropad,wavlm_large,wavlm_large,all (frozen),LR (inner-CV C),,class_weight balanced,none,"C grid 1e-5..1e2, inner 5-fold neg_log_loss; threshold inner OOF (D-033)",42,25,participant,roc_auc,0.8566,0.0552,0.8107,0.9069,0.7498,0.943,0.7633,0.0603,,Colab CPU (probe),d7295573b6af2837412430b94409be21e6ea526e,scripts/run_probes.py,reports/frozen/EXP-016_frozen.json,upper bound — recording context not evaluated (D-028),frozen linear probe; context confounding deferred (D-028)
EXP-016,2026-10-10,done,RQ1/RQ3,,,,342,283,59,,0,audio cohort (342; görev 4: 341),titiz,"split files outer_r0..4 (D-029), participant-level","daa5f65b2ef805ba,42e394a3d4bf12ca,e3975a671a9d68af,d7b2c8cdfad41375,312d3ea0864e9b31",frozen embedding wavlm_large,,harmonized cache (D-030); 4 s/2 s windows end-aligned; short-recording policy: zeropad,wavlm_large,wavlm_large,all (frozen),LR (inner-CV C),,class_weight balanced,none,"C grid 1e-5..1e2, inner 5-fold neg_log_loss; threshold inner OOF (D-033)",42,25,participant,roc_auc,0.8639,0.0464,0.8165,0.9147,0.7665,0.9313,0.777,0.0729,,Colab CPU (probe),d7295573b6af2837412430b94409be21e6ea526e,scripts/run_probes.py,reports/frozen/EXP-016_frozen.json,upper bound — recording context not evaluated (D-028),frozen linear probe; context confounding deferred (D-028)
EXP-016,2026-10-10,done,RQ1/RQ3,,,,342,283,59,,0,audio cohort (342; görev 4: 341),ünlem,"split files outer_r0..4 (D-029), participant-level","daa5f65b2ef805ba,42e394a3d4bf12ca,e3975a671a9d68af,d7b2c8cdfad41375,312d3ea0864e9b31",frozen embedding wavlm_large,,harmonized cache (D-030); 4 s/2 s windows end-aligned; short-recording policy: zeropad,wavlm_large,wavlm_large,all (frozen),LR (inner-CV C),,class_weight balanced,none,"C grid 1e-5..1e2, inner 5-fold neg_log_loss; threshold inner OOF (D-033)",42,25,participant,roc_auc,0.7864,0.0713,0.7201,0.848,0.6574,0.8937,0.7107,0.0573,,Colab CPU (probe),d7295573b6af2837412430b94409be21e6ea526e,scripts/run_probes.py,reports/frozen/EXP-016_frozen.json,upper bound — recording context not evaluated (D-028),frozen linear probe; context confounding deferred (D-028)
EXP-016S,2026-10-10,done,RQ3 (exploratory),,,,342,283,59,,0,audio cohort (342; görev 4: 341),fusion,"split files outer_r0..4 (D-029), participant-level",daa5f65b2ef805ba,frozen embedding beats@alt,,harmonized cache (D-030); 4 s/2 s windows end-aligned; short-recording policy: nopad,beats@alt,beats,all (frozen),LR (inner-CV C),,class_weight balanced,none,"C grid 1e-5..1e2, inner 5-fold neg_log_loss; threshold inner OOF (D-033)",42,5,participant,roc_auc,0.9229,0.0413,0.8804,0.9492,0.8764,0.9762,0.8214,0.0724,,Colab CPU (probe),d7295573b6af2837412430b94409be21e6ea526e,scripts/run_probes.py,reports/frozen/EXP-016S_frozen.json,upper bound — recording context not evaluated (D-028),frozen linear probe; context confounding deferred (D-028)
EXP-016S,2026-10-10,done,RQ3 (exploratory),,,,342,283,59,,0,audio cohort (342; görev 4: 341),fusion,"split files outer_r0..4 (D-029), participant-level",daa5f65b2ef805ba,frozen embedding cnn10@alt,,harmonized cache (D-030); 4 s/2 s windows end-aligned; short-recording policy: nopad,cnn10@alt,cnn10,all (frozen),LR (inner-CV C),,class_weight balanced,none,"C grid 1e-5..1e2, inner 5-fold neg_log_loss; threshold inner OOF (D-033)",42,5,participant,roc_auc,0.8533,0.0694,0.7956,0.8994,0.7689,0.9352,0.7713,0.0687,,Colab CPU (probe),d7295573b6af2837412430b94409be21e6ea526e,scripts/run_probes.py,reports/frozen/EXP-016S_frozen.json,upper bound — recording context not evaluated (D-028),frozen linear probe; context confounding deferred (D-028)
EXP-016S,2026-10-10,done,RQ3 (exploratory),,,,342,283,59,,0,audio cohort (342; görev 4: 341),fusion,"split files outer_r0..4 (D-029), participant-level",daa5f65b2ef805ba,frozen embedding cnn14@alt,,harmonized cache (D-030); 4 s/2 s windows end-aligned; short-recording policy: nopad,cnn14@alt,cnn14,all (frozen),LR (inner-CV C),,class_weight balanced,none,"C grid 1e-5..1e2, inner 5-fold neg_log_loss; threshold inner OOF (D-033)",42,5,participant,roc_auc,0.7921,0.0738,0.7156,0.8437,0.7264,0.8743,0.6845,0.0617,,Colab CPU (probe),d7295573b6af2837412430b94409be21e6ea526e,scripts/run_probes.py,reports/frozen/EXP-016S_frozen.json,upper bound — recording context not evaluated (D-028),frozen linear probe; context confounding deferred (D-028)
EXP-016S,2026-10-10,done,RQ3 (exploratory),,,,342,283,59,,0,audio cohort (342; görev 4: 341),fusion,"split files outer_r0..4 (D-029), participant-level",daa5f65b2ef805ba,frozen embedding cnn14_16k@alt,,harmonized cache (D-030); 4 s/2 s windows end-aligned; short-recording policy: nopad,cnn14_16k@alt,cnn14_16k,all (frozen),LR (inner-CV C),,class_weight balanced,none,"C grid 1e-5..1e2, inner 5-fold neg_log_loss; threshold inner OOF (D-033)",42,5,participant,roc_auc,0.7279,0.0351,0.6564,0.7814,0.691,0.7689,0.6496,0.0317,,Colab CPU (probe),d7295573b6af2837412430b94409be21e6ea526e,scripts/run_probes.py,reports/frozen/EXP-016S_frozen.json,upper bound — recording context not evaluated (D-028),frozen linear probe; context confounding deferred (D-028)
EXP-016S,2026-10-10,done,RQ3 (exploratory),,,,342,283,59,,0,audio cohort (342; görev 4: 341),fusion,"split files outer_r0..4 (D-029), participant-level",daa5f65b2ef805ba,frozen embedding wavlm_base_plus@alt,,harmonized cache (D-030); 4 s/2 s windows end-aligned; short-recording policy: nopad,wavlm_base_plus@alt,wavlm_base_plus,all (frozen),LR (inner-CV C),,class_weight balanced,none,"C grid 1e-5..1e2, inner 5-fold neg_log_loss; threshold inner OOF (D-033)",42,5,participant,roc_auc,0.8926,0.0568,0.8486,0.9326,0.8102,0.949,0.7974,0.0679,,Colab CPU (probe),d7295573b6af2837412430b94409be21e6ea526e,scripts/run_probes.py,reports/frozen/EXP-016S_frozen.json,upper bound — recording context not evaluated (D-028),frozen linear probe; context confounding deferred (D-028)
EXP-016S,2026-10-10,done,RQ3 (exploratory),,,,342,283,59,,0,audio cohort (342; görev 4: 341),fusion,"split files outer_r0..4 (D-029), participant-level",daa5f65b2ef805ba,frozen embedding wavlm_large@alt,,harmonized cache (D-030); 4 s/2 s windows end-aligned; short-recording policy: nopad,wavlm_large@alt,wavlm_large,all (frozen),LR (inner-CV C),,class_weight balanced,none,"C grid 1e-5..1e2, inner 5-fold neg_log_loss; threshold inner OOF (D-033)",42,5,participant,roc_auc,0.913,0.0428,0.8721,0.9441,0.86,0.9694,0.7629,0.0261,,Colab CPU (probe),d7295573b6af2837412430b94409be21e6ea526e,scripts/run_probes.py,reports/frozen/EXP-016S_frozen.json,upper bound — recording context not evaluated (D-028),frozen linear probe; context confounding deferred (D-028)
EXP-017,2026-10-10,done,RQ3 (exploratory),,,,342,283,59,,0,audio cohort (342; görev 4: 341),fusion,"split files outer_r0..4 (D-029), participant-level",daa5f65b2ef805ba,frozen embedding beats,,harmonized cache (D-030); 4 s/2 s windows end-aligned; short-recording policy: zeropad,beats,beats,all (frozen),LR (inner-CV C),,class_weight balanced,none,"C grid 1e-5..1e2, inner 5-fold neg_log_loss; threshold inner OOF (D-033)",42,5,participant,roc_auc,0.9232,0.042,0.8808,0.9494,0.8762,0.9775,0.8232,0.0732,,Colab CPU (probe),d7295573b6af2837412430b94409be21e6ea526e,scripts/run_probes.py,reports/frozen/EXP-017_frozen.json,upper bound — recording context not evaluated (D-028),frozen linear probe; context confounding deferred (D-028)
EXP-017,2026-10-10,done,RQ3 (exploratory),,,,342,283,59,,0,audio cohort (342; görev 4: 341),fusion,"split files outer_r0..4 (D-029), participant-level",daa5f65b2ef805ba,frozen embedding beats@L0,,harmonized cache (D-030); 4 s/2 s windows end-aligned; short-recording policy: zeropad,beats@L0,beats,all (frozen),LR (inner-CV C),,class_weight balanced,none,"C grid 1e-5..1e2, inner 5-fold neg_log_loss; threshold inner OOF (D-033)",42,5,participant,roc_auc,0.6421,0.0395,0.5606,0.7089,0.5943,0.687,0.5794,0.029,,Colab CPU (probe),d7295573b6af2837412430b94409be21e6ea526e,scripts/run_probes.py,reports/frozen/EXP-017_frozen.json,upper bound — recording context not evaluated (D-028),frozen linear probe; context confounding deferred (D-028)
EXP-017,2026-10-10,done,RQ3 (exploratory),,,,342,283,59,,0,audio cohort (342; görev 4: 341),fusion,"split files outer_r0..4 (D-029), participant-level",daa5f65b2ef805ba,frozen embedding beats@L1,,harmonized cache (D-030); 4 s/2 s windows end-aligned; short-recording policy: zeropad,beats@L1,beats,all (frozen),LR (inner-CV C),,class_weight balanced,none,"C grid 1e-5..1e2, inner 5-fold neg_log_loss; threshold inner OOF (D-033)",42,5,participant,roc_auc,0.7447,0.0298,0.6624,0.7973,0.7168,0.7853,0.6746,0.0307,,Colab CPU (probe),d7295573b6af2837412430b94409be21e6ea526e,scripts/run_probes.py,reports/frozen/EXP-017_frozen.json,upper bound — recording context not evaluated (D-028),frozen linear probe; context confounding deferred (D-028)
EXP-017,2026-10-10,done,RQ3 (exploratory),,,,342,283,59,,0,audio cohort (342; görev 4: 341),fusion,"split files outer_r0..4 (D-029), participant-level",daa5f65b2ef805ba,frozen embedding beats@L10,,harmonized cache (D-030); 4 s/2 s windows end-aligned; short-recording policy: zeropad,beats@L10,beats,all (frozen),LR (inner-CV C),,class_weight balanced,none,"C grid 1e-5..1e2, inner 5-fold neg_log_loss; threshold inner OOF (D-033)",42,5,participant,roc_auc,0.9274,0.0433,0.8925,0.9544,0.87,0.979,0.8425,0.0494,,Colab CPU (probe),d7295573b6af2837412430b94409be21e6ea526e,scripts/run_probes.py,reports/frozen/EXP-017_frozen.json,upper bound — recording context not evaluated (D-028),frozen linear probe; context confounding deferred (D-028)
EXP-017,2026-10-10,done,RQ3 (exploratory),,,,342,283,59,,0,audio cohort (342; görev 4: 341),fusion,"split files outer_r0..4 (D-029), participant-level",daa5f65b2ef805ba,frozen embedding beats@L11,,harmonized cache (D-030); 4 s/2 s windows end-aligned; short-recording policy: zeropad,beats@L11,beats,all (frozen),LR (inner-CV C),,class_weight balanced,none,"C grid 1e-5..1e2, inner 5-fold neg_log_loss; threshold inner OOF (D-033)",42,5,participant,roc_auc,0.9212,0.0431,0.8849,0.9495,0.862,0.9632,0.7948,0.0629,,Colab CPU (probe),d7295573b6af2837412430b94409be21e6ea526e,scripts/run_probes.py,reports/frozen/EXP-017_frozen.json,upper bound — recording context not evaluated (D-028),frozen linear probe; context confounding deferred (D-028)
EXP-017,2026-10-10,done,RQ3 (exploratory),,,,342,283,59,,0,audio cohort (342; görev 4: 341),fusion,"split files outer_r0..4 (D-029), participant-level",daa5f65b2ef805ba,frozen embedding beats@L12,,harmonized cache (D-030); 4 s/2 s windows end-aligned; short-recording policy: zeropad,beats@L12,beats,all (frozen),LR (inner-CV C),,class_weight balanced,none,"C grid 1e-5..1e2, inner 5-fold neg_log_loss; threshold inner OOF (D-033)",42,5,participant,roc_auc,0.9226,0.0455,0.883,0.9474,0.8573,0.968,0.7964,0.053,,Colab CPU (probe),d7295573b6af2837412430b94409be21e6ea526e,scripts/run_probes.py,reports/frozen/EXP-017_frozen.json,upper bound — recording context not evaluated (D-028),frozen linear probe; context confounding deferred (D-028)
EXP-017,2026-10-10,done,RQ3 (exploratory),,,,342,283,59,,0,audio cohort (342; görev 4: 341),fusion,"split files outer_r0..4 (D-029), participant-level",daa5f65b2ef805ba,frozen embedding beats@L2,,harmonized cache (D-030); 4 s/2 s windows end-aligned; short-recording policy: zeropad,beats@L2,beats,all (frozen),LR (inner-CV C),,class_weight balanced,none,"C grid 1e-5..1e2, inner 5-fold neg_log_loss; threshold inner OOF (D-033)",42,5,participant,roc_auc,0.8448,0.0488,0.7791,0.8792,0.8108,0.9206,0.7281,0.051,,Colab CPU (probe),d7295573b6af2837412430b94409be21e6ea526e,scripts/run_probes.py,reports/frozen/EXP-017_frozen.json,upper bound — recording context not evaluated (D-028),frozen linear probe; context confounding deferred (D-028)
EXP-017,2026-10-10,done,RQ3 (exploratory),,,,342,283,59,,0,audio cohort (342; görev 4: 341),fusion,"split files outer_r0..4 (D-029), participant-level",daa5f65b2ef805ba,frozen embedding beats@L3,,harmonized cache (D-030); 4 s/2 s windows end-aligned; short-recording policy: zeropad,beats@L3,beats,all (frozen),LR (inner-CV C),,class_weight balanced,none,"C grid 1e-5..1e2, inner 5-fold neg_log_loss; threshold inner OOF (D-033)",42,5,participant,roc_auc,0.8782,0.0468,0.8234,0.9127,0.8322,0.9435,0.7763,0.0807,,Colab CPU (probe),d7295573b6af2837412430b94409be21e6ea526e,scripts/run_probes.py,reports/frozen/EXP-017_frozen.json,upper bound — recording context not evaluated (D-028),frozen linear probe; context confounding deferred (D-028)
EXP-017,2026-10-10,done,RQ3 (exploratory),,,,342,283,59,,0,audio cohort (342; görev 4: 341),fusion,"split files outer_r0..4 (D-029), participant-level",daa5f65b2ef805ba,frozen embedding beats@L4,,harmonized cache (D-030); 4 s/2 s windows end-aligned; short-recording policy: zeropad,beats@L4,beats,all (frozen),LR (inner-CV C),,class_weight balanced,none,"C grid 1e-5..1e2, inner 5-fold neg_log_loss; threshold inner OOF (D-033)",42,5,participant,roc_auc,0.8977,0.0339,0.8467,0.9275,0.8677,0.9431,0.8039,0.0826,,Colab CPU (probe),d7295573b6af2837412430b94409be21e6ea526e,scripts/run_probes.py,reports/frozen/EXP-017_frozen.json,upper bound — recording context not evaluated (D-028),frozen linear probe; context confounding deferred (D-028)
EXP-017,2026-10-10,done,RQ3 (exploratory),,,,342,283,59,,0,audio cohort (342; görev 4: 341),fusion,"split files outer_r0..4 (D-029), participant-level",daa5f65b2ef805ba,frozen embedding beats@L5,,harmonized cache (D-030); 4 s/2 s windows end-aligned; short-recording policy: zeropad,beats@L5,beats,all (frozen),LR (inner-CV C),,class_weight balanced,none,"C grid 1e-5..1e2, inner 5-fold neg_log_loss; threshold inner OOF (D-033)",42,5,participant,roc_auc,0.9242,0.0261,0.8846,0.9485,0.9028,0.9577,0.7926,0.0478,,Colab CPU (probe),d7295573b6af2837412430b94409be21e6ea526e,scripts/run_probes.py,reports/frozen/EXP-017_frozen.json,upper bound — recording context not evaluated (D-028),frozen linear probe; context confounding deferred (D-028)
EXP-017,2026-10-10,done,RQ3 (exploratory),,,,342,283,59,,0,audio cohort (342; görev 4: 341),fusion,"split files outer_r0..4 (D-029), participant-level",daa5f65b2ef805ba,frozen embedding beats@L6,,harmonized cache (D-030); 4 s/2 s windows end-aligned; short-recording policy: zeropad,beats@L6,beats,all (frozen),LR (inner-CV C),,class_weight balanced,none,"C grid 1e-5..1e2, inner 5-fold neg_log_loss; threshold inner OOF (D-033)",42,5,participant,roc_auc,0.9113,0.042,0.8723,0.9406,0.858,0.9649,0.8183,0.0331,,Colab CPU (probe),d7295573b6af2837412430b94409be21e6ea526e,scripts/run_probes.py,reports/frozen/EXP-017_frozen.json,upper bound — recording context not evaluated (D-028),frozen linear probe; context confounding deferred (D-028)
EXP-017,2026-10-10,done,RQ3 (exploratory),,,,342,283,59,,0,audio cohort (342; görev 4: 341),fusion,"split files outer_r0..4 (D-029), participant-level",daa5f65b2ef805ba,frozen embedding beats@L7,,harmonized cache (D-030); 4 s/2 s windows end-aligned; short-recording policy: zeropad,beats@L7,beats,all (frozen),LR (inner-CV C),,class_weight balanced,none,"C grid 1e-5..1e2, inner 5-fold neg_log_loss; threshold inner OOF (D-033)",42,5,participant,roc_auc,0.9242,0.0418,0.8851,0.9496,0.8671,0.9692,0.8167,0.0385,,Colab CPU (probe),d7295573b6af2837412430b94409be21e6ea526e,scripts/run_probes.py,reports/frozen/EXP-017_frozen.json,upper bound — recording context not evaluated (D-028),frozen linear probe; context confounding deferred (D-028)
EXP-017,2026-10-10,done,RQ3 (exploratory),,,,342,283,59,,0,audio cohort (342; görev 4: 341),fusion,"split files outer_r0..4 (D-029), participant-level",daa5f65b2ef805ba,frozen embedding beats@L8,,harmonized cache (D-030); 4 s/2 s windows end-aligned; short-recording policy: zeropad,beats@L8,beats,all (frozen),LR (inner-CV C),,class_weight balanced,none,"C grid 1e-5..1e2, inner 5-fold neg_log_loss; threshold inner OOF (D-033)",42,5,participant,roc_auc,0.9224,0.0402,0.8894,0.951,0.8845,0.9742,0.8179,0.0345,,Colab CPU (probe),d7295573b6af2837412430b94409be21e6ea526e,scripts/run_probes.py,reports/frozen/EXP-017_frozen.json,upper bound — recording context not evaluated (D-028),frozen linear probe; context confounding deferred (D-028)
EXP-017,2026-10-10,done,RQ3 (exploratory),,,,342,283,59,,0,audio cohort (342; görev 4: 341),fusion,"split files outer_r0..4 (D-029), participant-level",daa5f65b2ef805ba,frozen embedding beats@L9,,harmonized cache (D-030); 4 s/2 s windows end-aligned; short-recording policy: zeropad,beats@L9,beats,all (frozen),LR (inner-CV C),,class_weight balanced,none,"C grid 1e-5..1e2, inner 5-fold neg_log_loss; threshold inner OOF (D-033)",42,5,participant,roc_auc,0.9201,0.0489,0.8851,0.9469,0.8558,0.9804,0.8236,0.052,,Colab CPU (probe),d7295573b6af2837412430b94409be21e6ea526e,scripts/run_probes.py,reports/frozen/EXP-017_frozen.json,upper bound — recording context not evaluated (D-028),frozen linear probe; context confounding deferred (D-028)
EXP-017,2026-10-10,done,RQ3 (exploratory),,,,340,283,57,,0,audio cohort (342; görev 4: 341),fusion,"split files outer_r0..4 (D-029), participant-level",daa5f65b2ef805ba,none,,harmonized cache (D-030); 4 s/2 s windows end-aligned; short-recording policy: n/a,ref_age,,all (frozen),LR (inner-CV C),,class_weight balanced,none,"C grid 1e-5..1e2, inner 5-fold neg_log_loss; threshold inner OOF (D-033)",42,5,participant,roc_auc,0.6791,0.027,0.6024,0.75,0.6483,0.7137,0.6217,0.0496,,Colab CPU (probe),d7295573b6af2837412430b94409be21e6ea526e,scripts/run_probes.py,reports/frozen/EXP-017_frozen.json,reference line (no audio),frozen linear probe; context confounding deferred (D-028)
EXP-017,2026-10-10,done,RQ3 (exploratory),,,,340,282,58,,0,audio cohort (342; görev 4: 341),fusion,"split files outer_r0..4 (D-029), participant-level",daa5f65b2ef805ba,none,,harmonized cache (D-030); 4 s/2 s windows end-aligned; short-recording policy: n/a,ref_context,,all (frozen),LR (inner-CV C),,class_weight balanced,none,"C grid 1e-5..1e2, inner 5-fold neg_log_loss; threshold inner OOF (D-033)",42,5,participant,roc_auc,0.9369,0.0241,0.8996,0.9575,0.9139,0.9693,0.8411,0.0484,,Colab CPU (probe),d7295573b6af2837412430b94409be21e6ea526e,scripts/run_probes.py,reports/frozen/EXP-017_frozen.json,reference line (no audio),frozen linear probe; context confounding deferred (D-028)
EXP-017,2026-10-10,done,RQ3 (exploratory),,,,342,283,59,,0,audio cohort (342; görev 4: 341),fusion,"split files outer_r0..4 (D-029), participant-level",daa5f65b2ef805ba,frozen embedding wavlm_base_plus,,harmonized cache (D-030); 4 s/2 s windows end-aligned; short-recording policy: zeropad,wavlm_base_plus,wavlm_base_plus,all (frozen),LR (inner-CV C),,class_weight balanced,none,"C grid 1e-5..1e2, inner 5-fold neg_log_loss; threshold inner OOF (D-033)",42,5,participant,roc_auc,0.8876,0.0563,0.8426,0.9286,0.808,0.945,0.7658,0.0551,,Colab CPU (probe),d7295573b6af2837412430b94409be21e6ea526e,scripts/run_probes.py,reports/frozen/EXP-017_frozen.json,upper bound — recording context not evaluated (D-028),frozen linear probe; context confounding deferred (D-028)
EXP-017,2026-10-10,done,RQ3 (exploratory),,,,342,283,59,,0,audio cohort (342; görev 4: 341),fusion,"split files outer_r0..4 (D-029), participant-level",daa5f65b2ef805ba,frozen embedding wavlm_base_plus@L0,,harmonized cache (D-030); 4 s/2 s windows end-aligned; short-recording policy: zeropad,wavlm_base_plus@L0,wavlm_base_plus,all (frozen),LR (inner-CV C),,class_weight balanced,none,"C grid 1e-5..1e2, inner 5-fold neg_log_loss; threshold inner OOF (D-033)",42,5,participant,roc_auc,0.8591,0.0571,0.8005,0.9022,0.7811,0.9156,0.7806,0.0691,,Colab CPU (probe),d7295573b6af2837412430b94409be21e6ea526e,scripts/run_probes.py,reports/frozen/EXP-017_frozen.json,upper bound — recording context not evaluated (D-028),frozen linear probe; context confounding deferred (D-028)
EXP-017,2026-10-10,done,RQ3 (exploratory),,,,342,283,59,,0,audio cohort (342; görev 4: 341),fusion,"split files outer_r0..4 (D-029), participant-level",daa5f65b2ef805ba,frozen embedding wavlm_base_plus@L1,,harmonized cache (D-030); 4 s/2 s windows end-aligned; short-recording policy: zeropad,wavlm_base_plus@L1,wavlm_base_plus,all (frozen),LR (inner-CV C),,class_weight balanced,none,"C grid 1e-5..1e2, inner 5-fold neg_log_loss; threshold inner OOF (D-033)",42,5,participant,roc_auc,0.8494,0.0678,0.801,0.9033,0.7515,0.9168,0.7702,0.0443,,Colab CPU (probe),d7295573b6af2837412430b94409be21e6ea526e,scripts/run_probes.py,reports/frozen/EXP-017_frozen.json,upper bound — recording context not evaluated (D-028),frozen linear probe; context confounding deferred (D-028)
EXP-017,2026-10-10,done,RQ3 (exploratory),,,,342,283,59,,0,audio cohort (342; görev 4: 341),fusion,"split files outer_r0..4 (D-029), participant-level",daa5f65b2ef805ba,frozen embedding wavlm_base_plus@L10,,harmonized cache (D-030); 4 s/2 s windows end-aligned; short-recording policy: zeropad,wavlm_base_plus@L10,wavlm_base_plus,all (frozen),LR (inner-CV C),,class_weight balanced,none,"C grid 1e-5..1e2, inner 5-fold neg_log_loss; threshold inner OOF (D-033)",42,5,participant,roc_auc,0.8745,0.0568,0.8186,0.9184,0.7952,0.927,0.7907,0.0584,,Colab CPU (probe),d7295573b6af2837412430b94409be21e6ea526e,scripts/run_probes.py,reports/frozen/EXP-017_frozen.json,upper bound — recording context not evaluated (D-028),frozen linear probe; context confounding deferred (D-028)
EXP-017,2026-10-10,done,RQ3 (exploratory),,,,342,283,59,,0,audio cohort (342; görev 4: 341),fusion,"split files outer_r0..4 (D-029), participant-level",daa5f65b2ef805ba,frozen embedding wavlm_base_plus@L11,,harmonized cache (D-030); 4 s/2 s windows end-aligned; short-recording policy: zeropad,wavlm_base_plus@L11,wavlm_base_plus,all (frozen),LR (inner-CV C),,class_weight balanced,none,"C grid 1e-5..1e2, inner 5-fold neg_log_loss; threshold inner OOF (D-033)",42,5,participant,roc_auc,0.8671,0.0662,0.8141,0.9181,0.792,0.9374,0.7912,0.0659,,Colab CPU (probe),d7295573b6af2837412430b94409be21e6ea526e,scripts/run_probes.py,reports/frozen/EXP-017_frozen.json,upper bound — recording context not evaluated (D-028),frozen linear probe; context confounding deferred (D-028)
EXP-017,2026-10-10,done,RQ3 (exploratory),,,,342,283,59,,0,audio cohort (342; görev 4: 341),fusion,"split files outer_r0..4 (D-029), participant-level",daa5f65b2ef805ba,frozen embedding wavlm_base_plus@L12,,harmonized cache (D-030); 4 s/2 s windows end-aligned; short-recording policy: zeropad,wavlm_base_plus@L12,wavlm_base_plus,all (frozen),LR (inner-CV C),,class_weight balanced,none,"C grid 1e-5..1e2, inner 5-fold neg_log_loss; threshold inner OOF (D-033)",42,5,participant,roc_auc,0.8684,0.0519,0.8154,0.915,0.8204,0.9263,0.773,0.0526,,Colab CPU (probe),d7295573b6af2837412430b94409be21e6ea526e,scripts/run_probes.py,reports/frozen/EXP-017_frozen.json,upper bound — recording context not evaluated (D-028),frozen linear probe; context confounding deferred (D-028)
EXP-017,2026-10-10,done,RQ3 (exploratory),,,,342,283,59,,0,audio cohort (342; görev 4: 341),fusion,"split files outer_r0..4 (D-029), participant-level",daa5f65b2ef805ba,frozen embedding wavlm_base_plus@L2,,harmonized cache (D-030); 4 s/2 s windows end-aligned; short-recording policy: zeropad,wavlm_base_plus@L2,wavlm_base_plus,all (frozen),LR (inner-CV C),,class_weight balanced,none,"C grid 1e-5..1e2, inner 5-fold neg_log_loss; threshold inner OOF (D-033)",42,5,participant,roc_auc,0.8692,0.0727,0.8159,0.9186,0.7771,0.9339,0.778,0.0655,,Colab CPU (probe),d7295573b6af2837412430b94409be21e6ea526e,scripts/run_probes.py,reports/frozen/EXP-017_frozen.json,upper bound — recording context not evaluated (D-028),frozen linear probe; context confounding deferred (D-028)
EXP-017,2026-10-10,done,RQ3 (exploratory),,,,342,283,59,,0,audio cohort (342; görev 4: 341),fusion,"split files outer_r0..4 (D-029), participant-level",daa5f65b2ef805ba,frozen embedding wavlm_base_plus@L3,,harmonized cache (D-030); 4 s/2 s windows end-aligned; short-recording policy: zeropad,wavlm_base_plus@L3,wavlm_base_plus,all (frozen),LR (inner-CV C),,class_weight balanced,none,"C grid 1e-5..1e2, inner 5-fold neg_log_loss; threshold inner OOF (D-033)",42,5,participant,roc_auc,0.8987,0.0484,0.8545,0.9372,0.8419,0.9576,0.8074,0.0368,,Colab CPU (probe),d7295573b6af2837412430b94409be21e6ea526e,scripts/run_probes.py,reports/frozen/EXP-017_frozen.json,upper bound — recording context not evaluated (D-028),frozen linear probe; context confounding deferred (D-028)
EXP-017,2026-10-10,done,RQ3 (exploratory),,,,342,283,59,,0,audio cohort (342; görev 4: 341),fusion,"split files outer_r0..4 (D-029), participant-level",daa5f65b2ef805ba,frozen embedding wavlm_base_plus@L4,,harmonized cache (D-030); 4 s/2 s windows end-aligned; short-recording policy: zeropad,wavlm_base_plus@L4,wavlm_base_plus,all (frozen),LR (inner-CV C),,class_weight balanced,none,"C grid 1e-5..1e2, inner 5-fold neg_log_loss; threshold inner OOF (D-033)",42,5,participant,roc_auc,0.8995,0.0394,0.8545,0.9358,0.8525,0.9421,0.8037,0.0448,,Colab CPU (probe),d7295573b6af2837412430b94409be21e6ea526e,scripts/run_probes.py,reports/frozen/EXP-017_frozen.json,upper bound — recording context not evaluated (D-028),frozen linear probe; context confounding deferred (D-028)
EXP-017,2026-10-10,done,RQ3 (exploratory),,,,342,283,59,,0,audio cohort (342; görev 4: 341),fusion,"split files outer_r0..4 (D-029), participant-level",daa5f65b2ef805ba,frozen embedding wavlm_base_plus@L5,,harmonized cache (D-030); 4 s/2 s windows end-aligned; short-recording policy: zeropad,wavlm_base_plus@L5,wavlm_base_plus,all (frozen),LR (inner-CV C),,class_weight balanced,none,"C grid 1e-5..1e2, inner 5-fold neg_log_loss; threshold inner OOF (D-033)",42,5,participant,roc_auc,0.8948,0.0421,0.8453,0.9293,0.8437,0.9348,0.7961,0.0772,,Colab CPU (probe),d7295573b6af2837412430b94409be21e6ea526e,scripts/run_probes.py,reports/frozen/EXP-017_frozen.json,upper bound — recording context not evaluated (D-028),frozen linear probe; context confounding deferred (D-028)
EXP-017,2026-10-10,done,RQ3 (exploratory),,,,342,283,59,,0,audio cohort (342; görev 4: 341),fusion,"split files outer_r0..4 (D-029), participant-level",daa5f65b2ef805ba,frozen embedding wavlm_base_plus@L6,,harmonized cache (D-030); 4 s/2 s windows end-aligned; short-recording policy: zeropad,wavlm_base_plus@L6,wavlm_base_plus,all (frozen),LR (inner-CV C),,class_weight balanced,none,"C grid 1e-5..1e2, inner 5-fold neg_log_loss; threshold inner OOF (D-033)",42,5,participant,roc_auc,0.8934,0.0511,0.8466,0.9286,0.8362,0.9492,0.7991,0.0735,,Colab CPU (probe),d7295573b6af2837412430b94409be21e6ea526e,scripts/run_probes.py,reports/frozen/EXP-017_frozen.json,upper bound — recording context not evaluated (D-028),frozen linear probe; context confounding deferred (D-028)
EXP-017,2026-10-10,done,RQ3 (exploratory),,,,342,283,59,,0,audio cohort (342; görev 4: 341),fusion,"split files outer_r0..4 (D-029), participant-level",daa5f65b2ef805ba,frozen embedding wavlm_base_plus@L7,,harmonized cache (D-030); 4 s/2 s windows end-aligned; short-recording policy: zeropad,wavlm_base_plus@L7,wavlm_base_plus,all (frozen),LR (inner-CV C),,class_weight balanced,none,"C grid 1e-5..1e2, inner 5-fold neg_log_loss; threshold inner OOF (D-033)",42,5,participant,roc_auc,0.8736,0.0451,0.8184,0.9144,0.8251,0.9192,0.7963,0.0451,,Colab CPU (probe),d7295573b6af2837412430b94409be21e6ea526e,scripts/run_probes.py,reports/frozen/EXP-017_frozen.json,upper bound — recording context not evaluated (D-028),frozen linear probe; context confounding deferred (D-028)
EXP-017,2026-10-10,done,RQ3 (exploratory),,,,342,283,59,,0,audio cohort (342; görev 4: 341),fusion,"split files outer_r0..4 (D-029), participant-level",daa5f65b2ef805ba,frozen embedding wavlm_base_plus@L8,,harmonized cache (D-030); 4 s/2 s windows end-aligned; short-recording policy: zeropad,wavlm_base_plus@L8,wavlm_base_plus,all (frozen),LR (inner-CV C),,class_weight balanced,none,"C grid 1e-5..1e2, inner 5-fold neg_log_loss; threshold inner OOF (D-033)",42,5,participant,roc_auc,0.8436,0.0452,0.7846,0.898,0.8004,0.8928,0.7615,0.0555,,Colab CPU (probe),d7295573b6af2837412430b94409be21e6ea526e,scripts/run_probes.py,reports/frozen/EXP-017_frozen.json,upper bound — recording context not evaluated (D-028),frozen linear probe; context confounding deferred (D-028)
EXP-017,2026-10-10,done,RQ3 (exploratory),,,,342,283,59,,0,audio cohort (342; görev 4: 341),fusion,"split files outer_r0..4 (D-029), participant-level",daa5f65b2ef805ba,frozen embedding wavlm_base_plus@L9,,harmonized cache (D-030); 4 s/2 s windows end-aligned; short-recording policy: zeropad,wavlm_base_plus@L9,wavlm_base_plus,all (frozen),LR (inner-CV C),,class_weight balanced,none,"C grid 1e-5..1e2, inner 5-fold neg_log_loss; threshold inner OOF (D-033)",42,5,participant,roc_auc,0.8682,0.0502,0.8192,0.9194,0.7991,0.9218,0.7898,0.0818,,Colab CPU (probe),d7295573b6af2837412430b94409be21e6ea526e,scripts/run_probes.py,reports/frozen/EXP-017_frozen.json,upper bound — recording context not evaluated (D-028),frozen linear probe; context confounding deferred (D-028)
EXP-017,2026-10-10,done,RQ3 (exploratory),,,,342,283,59,,0,audio cohort (342; görev 4: 341),fusion,"split files outer_r0..4 (D-029), participant-level",daa5f65b2ef805ba,frozen embedding wavlm_large,,harmonized cache (D-030); 4 s/2 s windows end-aligned; short-recording policy: zeropad,wavlm_large,wavlm_large,all (frozen),LR (inner-CV C),,class_weight balanced,none,"C grid 1e-5..1e2, inner 5-fold neg_log_loss; threshold inner OOF (D-033)",42,5,participant,roc_auc,0.913,0.0428,0.8721,0.9441,0.86,0.9694,0.7629,0.0261,,Colab CPU (probe),d7295573b6af2837412430b94409be21e6ea526e,scripts/run_probes.py,reports/frozen/EXP-017_frozen.json,upper bound — recording context not evaluated (D-028),frozen linear probe; context confounding deferred (D-028)
EXP-017,2026-10-10,done,RQ3 (exploratory),,,,342,283,59,,0,audio cohort (342; görev 4: 341),fusion,"split files outer_r0..4 (D-029), participant-level",daa5f65b2ef805ba,frozen embedding wavlm_large@L0,,harmonized cache (D-030); 4 s/2 s windows end-aligned; short-recording policy: zeropad,wavlm_large@L0,wavlm_large,all (frozen),LR (inner-CV C),,class_weight balanced,none,"C grid 1e-5..1e2, inner 5-fold neg_log_loss; threshold inner OOF (D-033)",42,5,participant,roc_auc,0.8366,0.0649,0.7849,0.883,0.7762,0.9274,0.7368,0.1014,,Colab CPU (probe),d7295573b6af2837412430b94409be21e6ea526e,scripts/run_probes.py,reports/frozen/EXP-017_frozen.json,upper bound — recording context not evaluated (D-028),frozen linear probe; context confounding deferred (D-028)
EXP-017,2026-10-10,done,RQ3 (exploratory),,,,342,283,59,,0,audio cohort (342; görev 4: 341),fusion,"split files outer_r0..4 (D-029), participant-level",daa5f65b2ef805ba,frozen embedding wavlm_large@L1,,harmonized cache (D-030); 4 s/2 s windows end-aligned; short-recording policy: zeropad,wavlm_large@L1,wavlm_large,all (frozen),LR (inner-CV C),,class_weight balanced,none,"C grid 1e-5..1e2, inner 5-fold neg_log_loss; threshold inner OOF (D-033)",42,5,participant,roc_auc,0.8814,0.0595,0.8314,0.9234,0.7939,0.9389,0.7446,0.0636,,Colab CPU (probe),d7295573b6af2837412430b94409be21e6ea526e,scripts/run_probes.py,reports/frozen/EXP-017_frozen.json,upper bound — recording context not evaluated (D-028),frozen linear probe; context confounding deferred (D-028)
EXP-017,2026-10-10,done,RQ3 (exploratory),,,,342,283,59,,0,audio cohort (342; görev 4: 341),fusion,"split files outer_r0..4 (D-029), participant-level",daa5f65b2ef805ba,frozen embedding wavlm_large@L10,,harmonized cache (D-030); 4 s/2 s windows end-aligned; short-recording policy: zeropad,wavlm_large@L10,wavlm_large,all (frozen),LR (inner-CV C),,class_weight balanced,none,"C grid 1e-5..1e2, inner 5-fold neg_log_loss; threshold inner OOF (D-033)",42,5,participant,roc_auc,0.9052,0.0488,0.8617,0.9397,0.8412,0.9639,0.7772,0.0708,,Colab CPU (probe),d7295573b6af2837412430b94409be21e6ea526e,scripts/run_probes.py,reports/frozen/EXP-017_frozen.json,upper bound — recording context not evaluated (D-028),frozen linear probe; context confounding deferred (D-028)
EXP-017,2026-10-10,done,RQ3 (exploratory),,,,342,283,59,,0,audio cohort (342; görev 4: 341),fusion,"split files outer_r0..4 (D-029), participant-level",daa5f65b2ef805ba,frozen embedding wavlm_large@L11,,harmonized cache (D-030); 4 s/2 s windows end-aligned; short-recording policy: zeropad,wavlm_large@L11,wavlm_large,all (frozen),LR (inner-CV C),,class_weight balanced,none,"C grid 1e-5..1e2, inner 5-fold neg_log_loss; threshold inner OOF (D-033)",42,5,participant,roc_auc,0.9014,0.0392,0.8577,0.937,0.862,0.9528,0.7785,0.0543,,Colab CPU (probe),d7295573b6af2837412430b94409be21e6ea526e,scripts/run_probes.py,reports/frozen/EXP-017_frozen.json,upper bound — recording context not evaluated (D-028),frozen linear probe; context confounding deferred (D-028)
EXP-017,2026-10-10,done,RQ3 (exploratory),,,,342,283,59,,0,audio cohort (342; görev 4: 341),fusion,"split files outer_r0..4 (D-029), participant-level",daa5f65b2ef805ba,frozen embedding wavlm_large@L12,,harmonized cache (D-030); 4 s/2 s windows end-aligned; short-recording policy: zeropad,wavlm_large@L12,wavlm_large,all (frozen),LR (inner-CV C),,class_weight balanced,none,"C grid 1e-5..1e2, inner 5-fold neg_log_loss; threshold inner OOF (D-033)",42,5,participant,roc_auc,0.901,0.0393,0.857,0.9371,0.8524,0.945,0.7809,0.0688,,Colab CPU (probe),d7295573b6af2837412430b94409be21e6ea526e,scripts/run_probes.py,reports/frozen/EXP-017_frozen.json,upper bound — recording context not evaluated (D-028),frozen linear probe; context confounding deferred (D-028)
EXP-017,2026-10-10,done,RQ3 (exploratory),,,,342,283,59,,0,audio cohort (342; görev 4: 341),fusion,"split files outer_r0..4 (D-029), participant-level",daa5f65b2ef805ba,frozen embedding wavlm_large@L13,,harmonized cache (D-030); 4 s/2 s windows end-aligned; short-recording policy: zeropad,wavlm_large@L13,wavlm_large,all (frozen),LR (inner-CV C),,class_weight balanced,none,"C grid 1e-5..1e2, inner 5-fold neg_log_loss; threshold inner OOF (D-033)",42,5,participant,roc_auc,0.892,0.0517,0.8451,0.9288,0.8226,0.943,0.8161,0.071,,Colab CPU (probe),d7295573b6af2837412430b94409be21e6ea526e,scripts/run_probes.py,reports/frozen/EXP-017_frozen.json,upper bound — recording context not evaluated (D-028),frozen linear probe; context confounding deferred (D-028)
EXP-017,2026-10-10,done,RQ3 (exploratory),,,,342,283,59,,0,audio cohort (342; görev 4: 341),fusion,"split files outer_r0..4 (D-029), participant-level",daa5f65b2ef805ba,frozen embedding wavlm_large@L14,,harmonized cache (D-030); 4 s/2 s windows end-aligned; short-recording policy: zeropad,wavlm_large@L14,wavlm_large,all (frozen),LR (inner-CV C),,class_weight balanced,none,"C grid 1e-5..1e2, inner 5-fold neg_log_loss; threshold inner OOF (D-033)",42,5,participant,roc_auc,0.8937,0.0501,0.8451,0.9283,0.835,0.9499,0.8023,0.0593,,Colab CPU (probe),d7295573b6af2837412430b94409be21e6ea526e,scripts/run_probes.py,reports/frozen/EXP-017_frozen.json,upper bound — recording context not evaluated (D-028),frozen linear probe; context confounding deferred (D-028)
EXP-017,2026-10-10,done,RQ3 (exploratory),,,,342,283,59,,0,audio cohort (342; görev 4: 341),fusion,"split files outer_r0..4 (D-029), participant-level",daa5f65b2ef805ba,frozen embedding wavlm_large@L15,,harmonized cache (D-030); 4 s/2 s windows end-aligned; short-recording policy: zeropad,wavlm_large@L15,wavlm_large,all (frozen),LR (inner-CV C),,class_weight balanced,none,"C grid 1e-5..1e2, inner 5-fold neg_log_loss; threshold inner OOF (D-033)",42,5,participant,roc_auc,0.8921,0.0472,0.8463,0.9299,0.833,0.9484,0.7855,0.0572,,Colab CPU (probe),d7295573b6af2837412430b94409be21e6ea526e,scripts/run_probes.py,reports/frozen/EXP-017_frozen.json,upper bound — recording context not evaluated (D-028),frozen linear probe; context confounding deferred (D-028)
EXP-017,2026-10-10,done,RQ3 (exploratory),,,,342,283,59,,0,audio cohort (342; görev 4: 341),fusion,"split files outer_r0..4 (D-029), participant-level",daa5f65b2ef805ba,frozen embedding wavlm_large@L16,,harmonized cache (D-030); 4 s/2 s windows end-aligned; short-recording policy: zeropad,wavlm_large@L16,wavlm_large,all (frozen),LR (inner-CV C),,class_weight balanced,none,"C grid 1e-5..1e2, inner 5-fold neg_log_loss; threshold inner OOF (D-033)",42,5,participant,roc_auc,0.8956,0.0529,0.849,0.9316,0.8297,0.957,0.7814,0.0863,,Colab CPU (probe),d7295573b6af2837412430b94409be21e6ea526e,scripts/run_probes.py,reports/frozen/EXP-017_frozen.json,upper bound — recording context not evaluated (D-028),frozen linear probe; context confounding deferred (D-028)
EXP-017,2026-10-10,done,RQ3 (exploratory),,,,342,283,59,,0,audio cohort (342; görev 4: 341),fusion,"split files outer_r0..4 (D-029), participant-level",daa5f65b2ef805ba,frozen embedding wavlm_large@L17,,harmonized cache (D-030); 4 s/2 s windows end-aligned; short-recording policy: zeropad,wavlm_large@L17,wavlm_large,all (frozen),LR (inner-CV C),,class_weight balanced,none,"C grid 1e-5..1e2, inner 5-fold neg_log_loss; threshold inner OOF (D-033)",42,5,participant,roc_auc,0.8946,0.0488,0.8434,0.9284,0.8335,0.942,0.8011,0.0606,,Colab CPU (probe),d7295573b6af2837412430b94409be21e6ea526e,scripts/run_probes.py,reports/frozen/EXP-017_frozen.json,upper bound — recording context not evaluated (D-028),frozen linear probe; context confounding deferred (D-028)
EXP-017,2026-10-10,done,RQ3 (exploratory),,,,342,283,59,,0,audio cohort (342; görev 4: 341),fusion,"split files outer_r0..4 (D-029), participant-level",daa5f65b2ef805ba,frozen embedding wavlm_large@L18,,harmonized cache (D-030); 4 s/2 s windows end-aligned; short-recording policy: zeropad,wavlm_large@L18,wavlm_large,all (frozen),LR (inner-CV C),,class_weight balanced,none,"C grid 1e-5..1e2, inner 5-fold neg_log_loss; threshold inner OOF (D-033)",42,5,participant,roc_auc,0.8936,0.0501,0.8477,0.9291,0.8325,0.9519,0.8018,0.0697,,Colab CPU (probe),d7295573b6af2837412430b94409be21e6ea526e,scripts/run_probes.py,reports/frozen/EXP-017_frozen.json,upper bound — recording context not evaluated (D-028),frozen linear probe; context confounding deferred (D-028)
EXP-017,2026-10-10,done,RQ3 (exploratory),,,,342,283,59,,0,audio cohort (342; görev 4: 341),fusion,"split files outer_r0..4 (D-029), participant-level",daa5f65b2ef805ba,frozen embedding wavlm_large@L19,,harmonized cache (D-030); 4 s/2 s windows end-aligned; short-recording policy: zeropad,wavlm_large@L19,wavlm_large,all (frozen),LR (inner-CV C),,class_weight balanced,none,"C grid 1e-5..1e2, inner 5-fold neg_log_loss; threshold inner OOF (D-033)",42,5,participant,roc_auc,0.8967,0.0437,0.8533,0.9305,0.8417,0.944,0.7757,0.0714,,Colab CPU (probe),d7295573b6af2837412430b94409be21e6ea526e,scripts/run_probes.py,reports/frozen/EXP-017_frozen.json,upper bound — recording context not evaluated (D-028),frozen linear probe; context confounding deferred (D-028)
EXP-017,2026-10-10,done,RQ3 (exploratory),,,,342,283,59,,0,audio cohort (342; görev 4: 341),fusion,"split files outer_r0..4 (D-029), participant-level",daa5f65b2ef805ba,frozen embedding wavlm_large@L2,,harmonized cache (D-030); 4 s/2 s windows end-aligned; short-recording policy: zeropad,wavlm_large@L2,wavlm_large,all (frozen),LR (inner-CV C),,class_weight balanced,none,"C grid 1e-5..1e2, inner 5-fold neg_log_loss; threshold inner OOF (D-033)",42,5,participant,roc_auc,0.8954,0.0524,0.8557,0.9361,0.8243,0.9512,0.7737,0.0383,,Colab CPU (probe),d7295573b6af2837412430b94409be21e6ea526e,scripts/run_probes.py,reports/frozen/EXP-017_frozen.json,upper bound — recording context not evaluated (D-028),frozen linear probe; context confounding deferred (D-028)
EXP-017,2026-10-10,done,RQ3 (exploratory),,,,342,283,59,,0,audio cohort (342; görev 4: 341),fusion,"split files outer_r0..4 (D-029), participant-level",daa5f65b2ef805ba,frozen embedding wavlm_large@L20,,harmonized cache (D-030); 4 s/2 s windows end-aligned; short-recording policy: zeropad,wavlm_large@L20,wavlm_large,all (frozen),LR (inner-CV C),,class_weight balanced,none,"C grid 1e-5..1e2, inner 5-fold neg_log_loss; threshold inner OOF (D-033)",42,5,participant,roc_auc,0.897,0.0442,0.8574,0.9317,0.8403,0.9395,0.7987,0.0609,,Colab CPU (probe),d7295573b6af2837412430b94409be21e6ea526e,scripts/run_probes.py,reports/frozen/EXP-017_frozen.json,upper bound — recording context not evaluated (D-028),frozen linear probe; context confounding deferred (D-028)
EXP-017,2026-10-10,done,RQ3 (exploratory),,,,342,283,59,,0,audio cohort (342; görev 4: 341),fusion,"split files outer_r0..4 (D-029), participant-level",daa5f65b2ef805ba,frozen embedding wavlm_large@L21,,harmonized cache (D-030); 4 s/2 s windows end-aligned; short-recording policy: zeropad,wavlm_large@L21,wavlm_large,all (frozen),LR (inner-CV C),,class_weight balanced,none,"C grid 1e-5..1e2, inner 5-fold neg_log_loss; threshold inner OOF (D-033)",42,5,participant,roc_auc,0.9027,0.0441,0.864,0.9351,0.8541,0.9436,0.8065,0.0579,,Colab CPU (probe),d7295573b6af2837412430b94409be21e6ea526e,scripts/run_probes.py,reports/frozen/EXP-017_frozen.json,upper bound — recording context not evaluated (D-028),frozen linear probe; context confounding deferred (D-028)
EXP-017,2026-10-10,done,RQ3 (exploratory),,,,342,283,59,,0,audio cohort (342; görev 4: 341),fusion,"split files outer_r0..4 (D-029), participant-level",daa5f65b2ef805ba,frozen embedding wavlm_large@L22,,harmonized cache (D-030); 4 s/2 s windows end-aligned; short-recording policy: zeropad,wavlm_large@L22,wavlm_large,all (frozen),LR (inner-CV C),,class_weight balanced,none,"C grid 1e-5..1e2, inner 5-fold neg_log_loss; threshold inner OOF (D-033)",42,5,participant,roc_auc,0.8967,0.0561,0.8561,0.9309,0.8306,0.9427,0.8198,0.0817,,Colab CPU (probe),d7295573b6af2837412430b94409be21e6ea526e,scripts/run_probes.py,reports/frozen/EXP-017_frozen.json,upper bound — recording context not evaluated (D-028),frozen linear probe; context confounding deferred (D-028)
EXP-017,2026-10-10,done,RQ3 (exploratory),,,,342,283,59,,0,audio cohort (342; görev 4: 341),fusion,"split files outer_r0..4 (D-029), participant-level",daa5f65b2ef805ba,frozen embedding wavlm_large@L23,,harmonized cache (D-030); 4 s/2 s windows end-aligned; short-recording policy: zeropad,wavlm_large@L23,wavlm_large,all (frozen),LR (inner-CV C),,class_weight balanced,none,"C grid 1e-5..1e2, inner 5-fold neg_log_loss; threshold inner OOF (D-033)",42,5,participant,roc_auc,0.8947,0.0672,0.8507,0.9335,0.8042,0.9549,0.8169,0.0832,,Colab CPU (probe),d7295573b6af2837412430b94409be21e6ea526e,scripts/run_probes.py,reports/frozen/EXP-017_frozen.json,upper bound — recording context not evaluated (D-028),frozen linear probe; context confounding deferred (D-028)
EXP-017,2026-10-10,done,RQ3 (exploratory),,,,342,283,59,,0,audio cohort (342; görev 4: 341),fusion,"split files outer_r0..4 (D-029), participant-level",daa5f65b2ef805ba,frozen embedding wavlm_large@L24,,harmonized cache (D-030); 4 s/2 s windows end-aligned; short-recording policy: zeropad,wavlm_large@L24,wavlm_large,all (frozen),LR (inner-CV C),,class_weight balanced,none,"C grid 1e-5..1e2, inner 5-fold neg_log_loss; threshold inner OOF (D-033)",42,5,participant,roc_auc,0.9008,0.0583,0.8601,0.9382,0.8245,0.9655,0.8186,0.079,,Colab CPU (probe),d7295573b6af2837412430b94409be21e6ea526e,scripts/run_probes.py,reports/frozen/EXP-017_frozen.json,upper bound — recording context not evaluated (D-028),frozen linear probe; context confounding deferred (D-028)
EXP-017,2026-10-10,done,RQ3 (exploratory),,,,342,283,59,,0,audio cohort (342; görev 4: 341),fusion,"split files outer_r0..4 (D-029), participant-level",daa5f65b2ef805ba,frozen embedding wavlm_large@L3,,harmonized cache (D-030); 4 s/2 s windows end-aligned; short-recording policy: zeropad,wavlm_large@L3,wavlm_large,all (frozen),LR (inner-CV C),,class_weight balanced,none,"C grid 1e-5..1e2, inner 5-fold neg_log_loss; threshold inner OOF (D-033)",42,5,participant,roc_auc,0.9087,0.0527,0.8737,0.9462,0.827,0.9484,0.7955,0.034,,Colab CPU (probe),d7295573b6af2837412430b94409be21e6ea526e,scripts/run_probes.py,reports/frozen/EXP-017_frozen.json,upper bound — recording context not evaluated (D-028),frozen linear probe; context confounding deferred (D-028)
EXP-017,2026-10-10,done,RQ3 (exploratory),,,,342,283,59,,0,audio cohort (342; görev 4: 341),fusion,"split files outer_r0..4 (D-029), participant-level",daa5f65b2ef805ba,frozen embedding wavlm_large@L4,,harmonized cache (D-030); 4 s/2 s windows end-aligned; short-recording policy: zeropad,wavlm_large@L4,wavlm_large,all (frozen),LR (inner-CV C),,class_weight balanced,none,"C grid 1e-5..1e2, inner 5-fold neg_log_loss; threshold inner OOF (D-033)",42,5,participant,roc_auc,0.9174,0.0416,0.88,0.9502,0.8549,0.9524,0.7951,0.0424,,Colab CPU (probe),d7295573b6af2837412430b94409be21e6ea526e,scripts/run_probes.py,reports/frozen/EXP-017_frozen.json,upper bound — recording context not evaluated (D-028),frozen linear probe; context confounding deferred (D-028)
EXP-017,2026-10-10,done,RQ3 (exploratory),,,,342,283,59,,0,audio cohort (342; görev 4: 341),fusion,"split files outer_r0..4 (D-029), participant-level",daa5f65b2ef805ba,frozen embedding wavlm_large@L5,,harmonized cache (D-030); 4 s/2 s windows end-aligned; short-recording policy: zeropad,wavlm_large@L5,wavlm_large,all (frozen),LR (inner-CV C),,class_weight balanced,none,"C grid 1e-5..1e2, inner 5-fold neg_log_loss; threshold inner OOF (D-033)",42,5,participant,roc_auc,0.9119,0.047,0.8753,0.947,0.8404,0.9495,0.8044,0.0672,,Colab CPU (probe),d7295573b6af2837412430b94409be21e6ea526e,scripts/run_probes.py,reports/frozen/EXP-017_frozen.json,upper bound — recording context not evaluated (D-028),frozen linear probe; context confounding deferred (D-028)
EXP-017,2026-10-10,done,RQ3 (exploratory),,,,342,283,59,,0,audio cohort (342; görev 4: 341),fusion,"split files outer_r0..4 (D-029), participant-level",daa5f65b2ef805ba,frozen embedding wavlm_large@L6,,harmonized cache (D-030); 4 s/2 s windows end-aligned; short-recording policy: zeropad,wavlm_large@L6,wavlm_large,all (frozen),LR (inner-CV C),,class_weight balanced,none,"C grid 1e-5..1e2, inner 5-fold neg_log_loss; threshold inner OOF (D-033)",42,5,participant,roc_auc,0.9158,0.0502,0.8749,0.9496,0.8425,0.9641,0.8145,0.0478,,Colab CPU (probe),d7295573b6af2837412430b94409be21e6ea526e,scripts/run_probes.py,reports/frozen/EXP-017_frozen.json,upper bound — recording context not evaluated (D-028),frozen linear probe; context confounding deferred (D-028)
EXP-017,2026-10-10,done,RQ3 (exploratory),,,,342,283,59,,0,audio cohort (342; görev 4: 341),fusion,"split files outer_r0..4 (D-029), participant-level",daa5f65b2ef805ba,frozen embedding wavlm_large@L7,,harmonized cache (D-030); 4 s/2 s windows end-aligned; short-recording policy: zeropad,wavlm_large@L7,wavlm_large,all (frozen),LR (inner-CV C),,class_weight balanced,none,"C grid 1e-5..1e2, inner 5-fold neg_log_loss; threshold inner OOF (D-033)",42,5,participant,roc_auc,0.9138,0.0586,0.87,0.9467,0.8277,0.9683,0.781,0.0768,,Colab CPU (probe),d7295573b6af2837412430b94409be21e6ea526e,scripts/run_probes.py,reports/frozen/EXP-017_frozen.json,upper bound — recording context not evaluated (D-028),frozen linear probe; context confounding deferred (D-028)
EXP-017,2026-10-10,done,RQ3 (exploratory),,,,342,283,59,,0,audio cohort (342; görev 4: 341),fusion,"split files outer_r0..4 (D-029), participant-level",daa5f65b2ef805ba,frozen embedding wavlm_large@L8,,harmonized cache (D-030); 4 s/2 s windows end-aligned; short-recording policy: zeropad,wavlm_large@L8,wavlm_large,all (frozen),LR (inner-CV C),,class_weight balanced,none,"C grid 1e-5..1e2, inner 5-fold neg_log_loss; threshold inner OOF (D-033)",42,5,participant,roc_auc,0.907,0.0554,0.8648,0.9413,0.8234,0.9543,0.7988,0.0707,,Colab CPU (probe),d7295573b6af2837412430b94409be21e6ea526e,scripts/run_probes.py,reports/frozen/EXP-017_frozen.json,upper bound — recording context not evaluated (D-028),frozen linear probe; context confounding deferred (D-028)
EXP-017,2026-10-10,done,RQ3 (exploratory),,,,342,283,59,,0,audio cohort (342; görev 4: 341),fusion,"split files outer_r0..4 (D-029), participant-level",daa5f65b2ef805ba,frozen embedding wavlm_large@L9,,harmonized cache (D-030); 4 s/2 s windows end-aligned; short-recording policy: zeropad,wavlm_large@L9,wavlm_large,all (frozen),LR (inner-CV C),,class_weight balanced,none,"C grid 1e-5..1e2, inner 5-fold neg_log_loss; threshold inner OOF (D-033)",42,5,participant,roc_auc,0.9036,0.048,0.8612,0.9384,0.8332,0.9506,0.7854,0.0813,,Colab CPU (probe),d7295573b6af2837412430b94409be21e6ea526e,scripts/run_probes.py,reports/frozen/EXP-017_frozen.json,upper bound — recording context not evaluated (D-028),frozen linear probe; context confounding deferred (D-028)
EXP-018,2026-10-10,done,RQ3 (exploratory),,,,342,283,59,,0,audio cohort (342; görev 4: 341),fusion,"split files outer_r0..4 (D-029), participant-level","daa5f65b2ef805ba,42e394a3d4bf12ca,e3975a671a9d68af,d7b2c8cdfad41375,312d3ea0864e9b31",frozen embedding beats,,harmonized cache (D-030); 4 s/2 s windows end-aligned; short-recording policy: zeropad,beats,beats,all (frozen),LR (inner-CV C),,class_weight balanced,none,"C grid 1e-5..1e2, inner 5-fold neg_log_loss; threshold inner OOF (D-033)",42,25,participant,roc_auc,0.9205,0.0463,0.8856,0.9525,0.8254,0.9835,0.8109,0.0766,,Colab CPU (probe),d7295573b6af2837412430b94409be21e6ea526e,scripts/run_probes.py,reports/frozen/EXP-018_frozen.json,upper bound — recording context not evaluated (D-028),frozen linear probe; context confounding deferred (D-028)
EXP-018,2026-10-10,done,RQ3 (exploratory),,,,342,283,59,,0,audio cohort (342; görev 4: 341),fusion,"split files outer_r0..4 (D-029), participant-level","daa5f65b2ef805ba,42e394a3d4bf12ca,e3975a671a9d68af,d7b2c8cdfad41375,312d3ea0864e9b31",frozen embedding beats@full,,"harmonized cache (D-030); 4 s/2 s windows end-aligned; short-recording policy: n/a (tüm kayıt, dolgusuz)",beats@full,beats,all (frozen),LR (inner-CV C),,class_weight balanced,none,"C grid 1e-5..1e2, inner 5-fold neg_log_loss; threshold inner OOF (D-033)",42,25,participant,roc_auc,0.9096,0.0514,0.872,0.9456,0.7958,0.9775,0.8182,0.0799,,Colab CPU (probe),d7295573b6af2837412430b94409be21e6ea526e,scripts/run_probes.py,reports/frozen/EXP-018_frozen.json,upper bound — recording context not evaluated (D-028),frozen linear probe; context confounding deferred (D-028)
EXP-018,2026-10-10,done,RQ3 (exploratory),,,,342,283,59,,0,audio cohort (342; görev 4: 341),fusion,"split files outer_r0..4 (D-029), participant-level","daa5f65b2ef805ba,42e394a3d4bf12ca,e3975a671a9d68af,d7b2c8cdfad41375,312d3ea0864e9b31",frozen embedding cnn10,,harmonized cache (D-030); 4 s/2 s windows end-aligned; short-recording policy: zeropad,cnn10,cnn10,all (frozen),LR (inner-CV C),,class_weight balanced,none,"C grid 1e-5..1e2, inner 5-fold neg_log_loss; threshold inner OOF (D-033)",42,25,participant,roc_auc,0.8548,0.047,0.807,0.903,0.7676,0.9338,0.7571,0.0523,,Colab CPU (probe),d7295573b6af2837412430b94409be21e6ea526e,scripts/run_probes.py,reports/frozen/EXP-018_frozen.json,upper bound — recording context not evaluated (D-028),frozen linear probe; context confounding deferred (D-028)
EXP-018,2026-10-10,done,RQ3 (exploratory),,,,342,283,59,,0,audio cohort (342; görev 4: 341),fusion,"split files outer_r0..4 (D-029), participant-level","daa5f65b2ef805ba,42e394a3d4bf12ca,e3975a671a9d68af,d7b2c8cdfad41375,312d3ea0864e9b31",frozen embedding cnn10@full,,"harmonized cache (D-030); 4 s/2 s windows end-aligned; short-recording policy: n/a (tüm kayıt, dolgusuz)",cnn10@full,cnn10,all (frozen),LR (inner-CV C),,class_weight balanced,none,"C grid 1e-5..1e2, inner 5-fold neg_log_loss; threshold inner OOF (D-033)",42,25,participant,roc_auc,0.8279,0.0472,0.7792,0.8846,0.7263,0.9055,0.7524,0.0521,,Colab CPU (probe),d7295573b6af2837412430b94409be21e6ea526e,scripts/run_probes.py,reports/frozen/EXP-018_frozen.json,upper bound — recording context not evaluated (D-028),frozen linear probe; context confounding deferred (D-028)
EXP-018,2026-10-10,done,RQ3 (exploratory),,,,342,283,59,,0,audio cohort (342; görev 4: 341),fusion,"split files outer_r0..4 (D-029), participant-level","daa5f65b2ef805ba,42e394a3d4bf12ca,e3975a671a9d68af,d7b2c8cdfad41375,312d3ea0864e9b31",frozen embedding cnn14,,harmonized cache (D-030); 4 s/2 s windows end-aligned; short-recording policy: zeropad,cnn14,cnn14,all (frozen),LR (inner-CV C),,class_weight balanced,none,"C grid 1e-5..1e2, inner 5-fold neg_log_loss; threshold inner OOF (D-033)",42,25,participant,roc_auc,0.7915,0.0635,0.7468,0.8691,0.6653,0.8861,0.721,0.0583,,Colab CPU (probe),d7295573b6af2837412430b94409be21e6ea526e,scripts/run_probes.py,reports/frozen/EXP-018_frozen.json,upper bound — recording context not evaluated (D-028),frozen linear probe; context confounding deferred (D-028)
EXP-018,2026-10-10,done,RQ3 (exploratory),,,,342,283,59,,0,audio cohort (342; görev 4: 341),fusion,"split files outer_r0..4 (D-029), participant-level","daa5f65b2ef805ba,42e394a3d4bf12ca,e3975a671a9d68af,d7b2c8cdfad41375,312d3ea0864e9b31",frozen embedding cnn14@full,,"harmonized cache (D-030); 4 s/2 s windows end-aligned; short-recording policy: n/a (tüm kayıt, dolgusuz)",cnn14@full,cnn14,all (frozen),LR (inner-CV C),,class_weight balanced,none,"C grid 1e-5..1e2, inner 5-fold neg_log_loss; threshold inner OOF (D-033)",42,25,participant,roc_auc,0.8054,0.055,0.7565,0.8669,0.689,0.8929,0.726,0.0548,,Colab CPU (probe),d7295573b6af2837412430b94409be21e6ea526e,scripts/run_probes.py,reports/frozen/EXP-018_frozen.json,upper bound — recording context not evaluated (D-028),frozen linear probe; context confounding deferred (D-028)
EXP-018,2026-10-10,done,RQ3 (exploratory),,,,342,283,59,,0,audio cohort (342; görev 4: 341),fusion,"split files outer_r0..4 (D-029), participant-level","daa5f65b2ef805ba,42e394a3d4bf12ca,e3975a671a9d68af,d7b2c8cdfad41375,312d3ea0864e9b31",frozen embedding cnn14_16k,,harmonized cache (D-030); 4 s/2 s windows end-aligned; short-recording policy: zeropad,cnn14_16k,cnn14_16k,all (frozen),LR (inner-CV C),,class_weight balanced,none,"C grid 1e-5..1e2, inner 5-fold neg_log_loss; threshold inner OOF (D-033)",42,25,participant,roc_auc,0.7292,0.0669,0.6657,0.7941,0.6053,0.8586,0.6568,0.0771,,Colab CPU (probe),d7295573b6af2837412430b94409be21e6ea526e,scripts/run_probes.py,reports/frozen/EXP-018_frozen.json,upper bound — recording context not evaluated (D-028),frozen linear probe; context confounding deferred (D-028)
EXP-018,2026-10-10,done,RQ3 (exploratory),,,,342,283,59,,0,audio cohort (342; görev 4: 341),fusion,"split files outer_r0..4 (D-029), participant-level","daa5f65b2ef805ba,42e394a3d4bf12ca,e3975a671a9d68af,d7b2c8cdfad41375,312d3ea0864e9b31",frozen embedding cnn14_16k@full,,"harmonized cache (D-030); 4 s/2 s windows end-aligned; short-recording policy: n/a (tüm kayıt, dolgusuz)",cnn14_16k@full,cnn14_16k,all (frozen),LR (inner-CV C),,class_weight balanced,none,"C grid 1e-5..1e2, inner 5-fold neg_log_loss; threshold inner OOF (D-033)",42,25,participant,roc_auc,0.7645,0.0614,0.7112,0.831,0.6561,0.857,0.7096,0.0533,,Colab CPU (probe),d7295573b6af2837412430b94409be21e6ea526e,scripts/run_probes.py,reports/frozen/EXP-018_frozen.json,upper bound — recording context not evaluated (D-028),frozen linear probe; context confounding deferred (D-028)
EXP-018,2026-10-10,done,RQ3 (exploratory),,,,340,283,57,,0,audio cohort (342; görev 4: 341),fusion,"split files outer_r0..4 (D-029), participant-level","daa5f65b2ef805ba,42e394a3d4bf12ca,e3975a671a9d68af,d7b2c8cdfad41375,312d3ea0864e9b31",none,,harmonized cache (D-030); 4 s/2 s windows end-aligned; short-recording policy: n/a,ref_age,,all (frozen),LR (inner-CV C),,class_weight balanced,none,"C grid 1e-5..1e2, inner 5-fold neg_log_loss; threshold inner OOF (D-033)",42,25,participant,roc_auc,0.6823,0.046,0.6009,0.7497,0.6155,0.7566,0.6203,0.0414,,Colab CPU (probe),d7295573b6af2837412430b94409be21e6ea526e,scripts/run_probes.py,reports/frozen/EXP-018_frozen.json,reference line (no audio),frozen linear probe; context confounding deferred (D-028)
EXP-018,2026-10-10,done,RQ3 (exploratory),,,,340,282,58,,0,audio cohort (342; görev 4: 341),fusion,"split files outer_r0..4 (D-029), participant-level","daa5f65b2ef805ba,42e394a3d4bf12ca,e3975a671a9d68af,d7b2c8cdfad41375,312d3ea0864e9b31",none,,harmonized cache (D-030); 4 s/2 s windows end-aligned; short-recording policy: n/a,ref_context,,all (frozen),LR (inner-CV C),,class_weight balanced,none,"C grid 1e-5..1e2, inner 5-fold neg_log_loss; threshold inner OOF (D-033)",42,25,participant,roc_auc,0.9336,0.0219,0.8995,0.958,0.8937,0.972,0.8392,0.0416,,Colab CPU (probe),d7295573b6af2837412430b94409be21e6ea526e,scripts/run_probes.py,reports/frozen/EXP-018_frozen.json,reference line (no audio),frozen linear probe; context confounding deferred (D-028)
EXP-018,2026-10-10,done,RQ3 (exploratory),,,,342,283,59,,0,audio cohort (342; görev 4: 341),fusion,"split files outer_r0..4 (D-029), participant-level","daa5f65b2ef805ba,42e394a3d4bf12ca,e3975a671a9d68af,d7b2c8cdfad41375,312d3ea0864e9b31",frozen embedding wavlm_base_plus,,harmonized cache (D-030); 4 s/2 s windows end-aligned; short-recording policy: zeropad,wavlm_base_plus,wavlm_base_plus,all (frozen),LR (inner-CV C),,class_weight balanced,none,"C grid 1e-5..1e2, inner 5-fold neg_log_loss; threshold inner OOF (D-033)",42,25,participant,roc_auc,0.884,0.0393,0.8359,0.9257,0.815,0.9439,0.7744,0.0474,,Colab CPU (probe),d7295573b6af2837412430b94409be21e6ea526e,scripts/run_probes.py,reports/frozen/EXP-018_frozen.json,upper bound — recording context not evaluated (D-028),frozen linear probe; context confounding deferred (D-028)
EXP-018,2026-10-10,done,RQ3 (exploratory),,,,342,283,59,,0,audio cohort (342; görev 4: 341),fusion,"split files outer_r0..4 (D-029), participant-level","daa5f65b2ef805ba,42e394a3d4bf12ca,e3975a671a9d68af,d7b2c8cdfad41375,312d3ea0864e9b31",frozen embedding wavlm_base_plus@full,,"harmonized cache (D-030); 4 s/2 s windows end-aligned; short-recording policy: n/a (tüm kayıt, dolgusuz)",wavlm_base_plus@full,wavlm_base_plus,all (frozen),LR (inner-CV C),,class_weight balanced,none,"C grid 1e-5..1e2, inner 5-fold neg_log_loss; threshold inner OOF (D-033)",42,25,participant,roc_auc,0.8797,0.0444,0.8373,0.927,0.7845,0.94,0.7779,0.0605,,Colab CPU (probe),d7295573b6af2837412430b94409be21e6ea526e,scripts/run_probes.py,reports/frozen/EXP-018_frozen.json,upper bound — recording context not evaluated (D-028),frozen linear probe; context confounding deferred (D-028)
EXP-018,2026-10-10,done,RQ3 (exploratory),,,,342,283,59,,0,audio cohort (342; görev 4: 341),fusion,"split files outer_r0..4 (D-029), participant-level","daa5f65b2ef805ba,42e394a3d4bf12ca,e3975a671a9d68af,d7b2c8cdfad41375,312d3ea0864e9b31",frozen embedding wavlm_large,,harmonized cache (D-030); 4 s/2 s windows end-aligned; short-recording policy: zeropad,wavlm_large,wavlm_large,all (frozen),LR (inner-CV C),,class_weight balanced,none,"C grid 1e-5..1e2, inner 5-fold neg_log_loss; threshold inner OOF (D-033)",42,25,participant,roc_auc,0.9088,0.0415,0.8685,0.9417,0.8127,0.9704,0.7913,0.0485,,Colab CPU (probe),d7295573b6af2837412430b94409be21e6ea526e,scripts/run_probes.py,reports/frozen/EXP-018_frozen.json,upper bound — recording context not evaluated (D-028),frozen linear probe; context confounding deferred (D-028)
EXP-018,2026-10-10,done,RQ3 (exploratory),,,,342,283,59,,0,audio cohort (342; görev 4: 341),fusion,"split files outer_r0..4 (D-029), participant-level","daa5f65b2ef805ba,42e394a3d4bf12ca,e3975a671a9d68af,d7b2c8cdfad41375,312d3ea0864e9b31",frozen embedding wavlm_large@full,,"harmonized cache (D-030); 4 s/2 s windows end-aligned; short-recording policy: n/a (tüm kayıt, dolgusuz)",wavlm_large@full,wavlm_large,all (frozen),LR (inner-CV C),,class_weight balanced,none,"C grid 1e-5..1e2, inner 5-fold neg_log_loss; threshold inner OOF (D-033)",42,25,participant,roc_auc,0.9054,0.0399,0.8681,0.9407,0.8077,0.96,0.7931,0.0638,,Colab CPU (probe),d7295573b6af2837412430b94409be21e6ea526e,scripts/run_probes.py,reports/frozen/EXP-018_frozen.json,upper bound — recording context not evaluated (D-028),frozen linear probe; context confounding deferred (D-028)
